-- phpMyAdmin SQL Dump
-- version 4.8.5
-- https://www.phpmyadmin.net/
--
-- Host: localhost:8889
-- Generation Time: Oct 15, 2019 at 10:41 AM
-- Server version: 5.7.25
-- PHP Version: 7.2.14

SET SQL_MODE = "NO_AUTO_VALUE_ON_ZERO";
SET time_zone = "+00:00";

--
-- Database: `prestige-fight`
--

-- --------------------------------------------------------

--
-- Table structure for table `action_events`
--

CREATE TABLE `action_events` (
  `id` bigint(20) UNSIGNED NOT NULL,
  `batch_id` char(36) COLLATE utf8mb4_unicode_ci NOT NULL,
  `user_id` int(10) UNSIGNED NOT NULL,
  `name` varchar(255) COLLATE utf8mb4_unicode_ci NOT NULL,
  `actionable_type` varchar(255) COLLATE utf8mb4_unicode_ci NOT NULL,
  `actionable_id` int(10) UNSIGNED NOT NULL,
  `target_type` varchar(255) COLLATE utf8mb4_unicode_ci NOT NULL,
  `target_id` int(10) UNSIGNED NOT NULL,
  `model_type` varchar(255) COLLATE utf8mb4_unicode_ci NOT NULL,
  `model_id` int(10) UNSIGNED DEFAULT NULL,
  `fields` text COLLATE utf8mb4_unicode_ci NOT NULL,
  `status` varchar(25) COLLATE utf8mb4_unicode_ci NOT NULL DEFAULT 'running',
  `exception` text COLLATE utf8mb4_unicode_ci NOT NULL,
  `created_at` timestamp NULL DEFAULT NULL,
  `updated_at` timestamp NULL DEFAULT NULL,
  `original` text COLLATE utf8mb4_unicode_ci,
  `changes` text COLLATE utf8mb4_unicode_ci
) ENGINE=InnoDB DEFAULT CHARSET=utf8mb4 COLLATE=utf8mb4_unicode_ci;

--
-- Dumping data for table `action_events`
--

INSERT INTO `action_events` (`id`, `batch_id`, `user_id`, `name`, `actionable_type`, `actionable_id`, `target_type`, `target_id`, `model_type`, `model_id`, `fields`, `status`, `exception`, `created_at`, `updated_at`, `original`, `changes`) VALUES
(1, '8ec89051-9e28-4c12-ba66-3c1191e58063', 5, 'Create', 'App\\User', 6, 'App\\User', 6, 'App\\User', 6, '', 'finished', '', '2019-10-01 08:04:18', '2019-10-01 08:04:18', NULL, '{\"name\":\"Hamdi Jomaa\",\"email\":\"hamdi@halber.io\",\"updated_at\":\"2019-10-01 09:04:18\",\"created_at\":\"2019-10-01 09:04:18\",\"id\":6}'),
(2, '8ec893f1-7893-4bce-ae92-400644108e65', 3, 'Delete', 'App\\User', 1, 'App\\User', 1, 'App\\User', 1, '', 'finished', '', '2019-10-01 08:14:26', '2019-10-01 08:14:26', NULL, NULL),
(3, '8ec893f1-7996-46d0-ace2-ebcdc52420da', 3, 'Delete', 'App\\User', 2, 'App\\User', 2, 'App\\User', 2, '', 'finished', '', '2019-10-01 08:14:26', '2019-10-01 08:14:26', NULL, NULL),
(4, '8ec893f1-7a38-467a-b244-184c972641fd', 3, 'Delete', 'App\\User', 3, 'App\\User', 3, 'App\\User', 3, '', 'finished', '', '2019-10-01 08:14:26', '2019-10-01 08:14:26', NULL, NULL),
(5, '8ec893f1-7af2-4de0-9466-3687433822cc', 3, 'Delete', 'App\\User', 8, 'App\\User', 8, 'App\\User', 8, '', 'finished', '', '2019-10-01 08:14:26', '2019-10-01 08:14:26', NULL, NULL),
(6, '8ec893f1-7b7f-443e-aa64-13d94e7e72cc', 3, 'Delete', 'App\\User', 9, 'App\\User', 9, 'App\\User', 9, '', 'finished', '', '2019-10-01 08:14:26', '2019-10-01 08:14:26', NULL, NULL),
(7, '8ec89441-4aa5-4554-8d5b-f0372022106c', 5, 'Delete', 'App\\User', 4, 'App\\User', 4, 'App\\User', 4, '', 'finished', '', '2019-10-01 08:15:19', '2019-10-01 08:15:19', NULL, NULL),
(8, '8ec89441-4bd2-4dc9-b336-7bc0d948d0f8', 5, 'Delete', 'App\\User', 7, 'App\\User', 7, 'App\\User', 7, '', 'finished', '', '2019-10-01 08:15:19', '2019-10-01 08:15:19', NULL, NULL),
(9, '8ec89448-e480-4dc9-89dd-8c373f6de35d', 5, 'Delete', 'App\\User', 10, 'App\\User', 10, 'App\\User', 10, '', 'finished', '', '2019-10-01 08:15:24', '2019-10-01 08:15:24', NULL, NULL),
(10, '8ec8963d-7435-4179-986e-7a45d3d4d464', 5, 'Delete', 'App\\User', 6, 'App\\User', 6, 'App\\User', 6, '', 'finished', '', '2019-10-01 08:20:52', '2019-10-01 08:20:52', NULL, NULL),
(11, '8ec89645-7a70-45f0-ae88-c636aa46805a', 5, 'Create', 'App\\User', 12, 'App\\User', 12, 'App\\User', 12, '', 'finished', '', '2019-10-01 08:20:57', '2019-10-01 08:20:57', NULL, '{\"avatar\":\"OkcCdebNuvJ8IxHc4Wnmnd9kN9Vb6BBn32oCRpbt.png\",\"name\":\"Hamza\",\"email\":\"nnn@gmail.com\",\"updated_at\":\"2019-10-01 09:20:57\",\"created_at\":\"2019-10-01 09:20:57\",\"id\":12}'),
(12, '8ec8965f-cc3b-467c-8b1e-d42d3902c2fc', 5, 'Create', 'App\\User', 13, 'App\\User', 13, 'App\\User', 13, '', 'finished', '', '2019-10-01 08:21:14', '2019-10-01 08:21:14', NULL, '{\"avatar\":\"gtqaPpvZLUqGvERiwutVtWCcf8JjJZfYiDRIkxt8.jpeg\",\"name\":\"Hamdi Jomaa\",\"email\":\"hamdi@halber.io\",\"updated_at\":\"2019-10-01 09:21:14\",\"created_at\":\"2019-10-01 09:21:14\",\"id\":13}'),
(13, '8ecaab9a-9150-4d9d-8bf4-05d5314eb7d3', 13, 'Create', 'App\\News', 2, 'App\\News', 2, 'App\\News', 2, '', 'finished', '', '2019-10-02 09:12:15', '2019-10-02 09:12:15', NULL, '{\"title\":\"New\",\"description\":\"Description goes here\",\"image\":\"e1lnkv5yDamfKEaHSBR5UtOCA1E2Z75tvlSsFF7Z.png\",\"updated_at\":\"2019-10-02 10:12:15\",\"created_at\":\"2019-10-02 10:12:15\",\"id\":2}'),
(14, '8ecaacce-ac07-4cf0-92e7-67e82eb2ee70', 13, 'Update', 'App\\News', 2, 'App\\News', 2, 'App\\News', 2, '', 'finished', '', '2019-10-02 09:15:37', '2019-10-02 09:15:37', '{\"image\":\"e1lnkv5yDamfKEaHSBR5UtOCA1E2Z75tvlSsFF7Z.png\"}', '{\"image\":\"5FvsnfDtDWbXxYMRFOuArMtVbn8VrWXW1T65n3N3.jpeg\"}'),
(15, '8ecaace3-effa-4569-b737-01cdccbdcc71', 13, 'Delete', 'App\\News', 1, 'App\\News', 1, 'App\\News', 1, '', 'finished', '', '2019-10-02 09:15:51', '2019-10-02 09:15:51', NULL, NULL),
(16, '8ecaace3-f10a-469b-9e7d-4d8cca4c6286', 13, 'Delete', 'App\\News', 2, 'App\\News', 2, 'App\\News', 2, '', 'finished', '', '2019-10-02 09:15:51', '2019-10-02 09:15:51', NULL, NULL),
(17, '8ecaae09-2726-4254-aaae-cbd645e868ee', 13, 'Create', 'App\\News', 3, 'App\\News', 3, 'App\\News', 3, '', 'finished', '', '2019-10-02 09:19:03', '2019-10-02 09:19:03', NULL, '{\"title\":\"Lorem ipsum\",\"description\":\"Lorem Ipsum is simply dummy text of the printing and typesetting industry. Lorem Ipsum has been the industry\'s standard dummy text ever since the 1500s\",\"image\":\"ojJtzHxJ0ET0XhEX0o3rwC2KDV2AbmkO3sR98ZDR.png\",\"updated_at\":\"2019-10-02 10:19:03\",\"created_at\":\"2019-10-02 10:19:03\",\"id\":3}'),
(18, '8ecaae42-3eb6-4bf6-b682-22e213baf751', 13, 'Create', 'App\\News', 4, 'App\\News', 4, 'App\\News', 4, '', 'finished', '', '2019-10-02 09:19:41', '2019-10-02 09:19:41', NULL, '{\"title\":\"An amazing new\",\"description\":\"t is a long established fact that a reader will be distracted by the readable content of a page when looking at its layout. The point of using Lorem Ipsum is th\",\"image\":\"PVUm8z9m2njdSFPDDR0TMm6ErapXPx2zeOGWIbTa.png\",\"updated_at\":\"2019-10-02 10:19:41\",\"created_at\":\"2019-10-02 10:19:41\",\"id\":4}'),
(19, '8ecae261-ea90-43e7-a26e-5df4a2104574', 13, 'Create', 'App\\News', 19, 'App\\News', 19, 'App\\News', 19, '', 'finished', '', '2019-10-02 11:45:26', '2019-10-02 11:45:26', NULL, '{\"title\":\"test\",\"description\":\"test\",\"image\":\"jKLSQVjbWcsN4sCmx7PcMbWngSxahRt4rrJDGp9A.png\",\"thumbnail\":\"hVKK1MaWfH0dMiwXr0aK95a4pV4H9ze2vMxSR4cM.png\",\"updated_at\":\"2019-10-02 12:45:26\",\"created_at\":\"2019-10-02 12:45:26\",\"id\":19}'),
(20, '8ecae457-02de-48a7-8cb4-4857e1c966eb', 13, 'Create', 'App\\News', 20, 'App\\News', 20, 'App\\News', 20, '', 'finished', '', '2019-10-02 11:50:54', '2019-10-02 11:50:54', NULL, '{\"title\":\"qsdqsd\",\"description\":\"qsdqsdqsd\",\"image\":\"ybqT0p1WQl76NXRqeWktBKqi0wjoIH5ssZutRXJ9.png\",\"thumbnail\":\"9chPqFPWs5Om2Sb27y4pzJLqQqEcd0xwfmkuJNi3.png\",\"updated_at\":\"2019-10-02 12:50:54\",\"created_at\":\"2019-10-02 12:50:54\",\"id\":20}'),
(21, '8ecae609-b26d-4960-b677-0fff0f7c8c33', 13, 'Update', 'App\\News', 20, 'App\\News', 20, 'App\\News', 20, '', 'finished', '', '2019-10-02 11:55:39', '2019-10-02 11:55:39', '{\"thumbnail\":\"9chPqFPWs5Om2Sb27y4pzJLqQqEcd0xwfmkuJNi3.png\"}', '{\"thumbnail\":\"QExGkAYtChEG6BXV8SclI1UgvIUpgZHSwokoTdKk.png\"}'),
(22, '8ecaf7ed-100a-4898-991e-d081297eec8c', 13, 'Update', 'App\\Event', 15, 'App\\Event', 15, 'App\\Event', 15, '', 'finished', '', '2019-10-02 12:45:40', '2019-10-02 12:45:40', '{\"description\":\"Lorem Ipsum is simply dummy text of the printing and typesetting industry. Lorem Ipsum has been the industry\'s standard dummy text ever since the 1500s\"}', '{\"description\":\"Lorem Ipsum is simply dummy text of the printing and typesetting industry. Lorem Ipsum has been the industry\'s standard dummy text ever since the 1500s \\nLorem Ipsum is simply dummy text of the printing and typesetting industry. Lorem Ipsum has been the industry\'s standard dummy text ever since the 1500s\\nLorem Ipsum is simply dummy text of the printing and typesetting industry. Lorem Ipsum has been the industry\'s standard dummy text ever since the 1500s\\nLorem Ipsum is simply dummy text of the printing and typesetting industry. Lorem Ipsum has been the industry\'s standard dummy text ever since the 1500s\"}'),
(23, '8ecb06ab-3986-460d-ae02-4c1b6021d647', 13, 'Create', 'App\\News', 21, 'App\\News', 21, 'App\\News', 21, '', 'finished', '', '2019-10-02 13:26:53', '2019-10-02 13:26:53', NULL, '{\"title\":\"title\",\"description\":\"<div>Le <strong>Lorem Ipsum<\\/strong> est simplement du faux texte employ\\u00e9 dans la composition et la mise en page avant impression. Le Lorem Ipsum est le faux texte standard de l\'imprimerie depuis les ann\\u00e9es 1500, quand un imprimeur anonyme assembla ensemble des morceaux de texte pour r\\u00e9aliser un livre sp\\u00e9cimen de polices de texte. Il n\'a pas fait que survivre cinq si\\u00e8cles, mais s\'est aussi adapt\\u00e9 \\u00e0 la bureautique informatique, sans que son contenu n\'en soit modifi\\u00e9. Il a \\u00e9t\\u00e9 popularis\\u00e9 dans les ann\\u00e9es 1960 gr\\u00e2ce \\u00e0 la vente de feuilles Letraset contenant des passages du Lorem Ipsum, et, plus r\\u00e9cemment, par son inclusion dans des applications de mise en page de texte, comme Aldus PageMaker.<br><br><\\/div><div>Le <strong>Lorem Ipsum<\\/strong> est simplement du faux texte employ\\u00e9 dans la composition et la mise en page avant impression. Le Lorem Ipsum est le faux texte standard de l\'imprimerie depuis les ann\\u00e9es 1500, quand un imprimeur anonyme assembla ensemble des morceaux de texte pour r\\u00e9aliser un livre sp\\u00e9cimen de polices de texte. Il n\'a pas fait que survivre cinq si\\u00e8cles, mais s\'est aussi adapt\\u00e9 \\u00e0 la bureautique informatique, sans que son contenu n\'en soit modifi\\u00e9. Il a \\u00e9t\\u00e9 popularis\\u00e9 dans les ann\\u00e9es 1960 gr\\u00e2ce \\u00e0 la vente de feuilles Letraset contenant des passages du Lorem Ipsum, et, plus r\\u00e9cemment, par son inclusion dans des applications de mise en page de texte, comme Aldus PageMaker.<br><br><\\/div><div>Le <strong>Lorem Ipsum<\\/strong> est simplement du faux texte employ\\u00e9 dans la composition et la mise en page avant impression. Le Lorem Ipsum est le faux texte standard de l\'imprimerie depuis les ann\\u00e9es 1500, quand un imprimeur anonyme assembla ensemble des morceaux de texte pour r\\u00e9aliser un livre sp\\u00e9cimen de polices de texte. Il n\'a pas fait que survivre cinq si\\u00e8cles, mais s\'est aussi adapt\\u00e9 \\u00e0 la bureautique informatique, sans que son contenu n\'en soit modifi\\u00e9. Il a \\u00e9t\\u00e9 popularis\\u00e9 dans les ann\\u00e9es 1960 gr\\u00e2ce \\u00e0 la vente de feuilles Letraset contenant des passages du Lorem Ipsum, et, plus r\\u00e9cemment, par son inclusion dans des applications de mise en page de texte, comme Aldus PageMaker.<br><br><\\/div><div>Le <strong>Lorem Ipsum<\\/strong> est simplement du faux texte employ\\u00e9 dans la composition et la mise en page avant impression. Le Lorem Ipsum est le faux texte standard de l\'imprimerie depuis les ann\\u00e9es 1500, quand un imprimeur anonyme assembla ensemble des morceaux de texte pour r\\u00e9aliser un livre sp\\u00e9cimen de polices de texte. Il n\'a pas fait que survivre cinq si\\u00e8cles, mais s\'est aussi adapt\\u00e9 \\u00e0 la bureautique informatique, sans que son contenu n\'en soit modifi\\u00e9. Il a \\u00e9t\\u00e9 popularis\\u00e9 dans les ann\\u00e9es 1960 gr\\u00e2ce \\u00e0 la vente de feuilles Letraset contenant des passages du Lorem Ipsum, et, plus r\\u00e9cemment, par son inclusion dans des applications de mise en page de texte, comme Aldus PageMaker.<br><br><\\/div><div>Le <strong>Lorem Ipsum<\\/strong> est simplement du faux texte employ\\u00e9 dans la composition et la mise en page avant impression. Le Lorem Ipsum est le faux texte standard de l\'imprimerie depuis les ann\\u00e9es 1500, quand un imprimeur anonyme assembla ensemble des morceaux de texte pour r\\u00e9aliser un livre sp\\u00e9cimen de polices de texte. Il n\'a pas fait que survivre cinq si\\u00e8cles, mais s\'est aussi adapt\\u00e9 \\u00e0 la bureautique informatique, sans que son contenu n\'en soit modifi\\u00e9. Il a \\u00e9t\\u00e9 popularis\\u00e9 dans les ann\\u00e9es 1960 gr\\u00e2ce \\u00e0 la vente de feuilles Letraset contenant des passages du Lorem Ipsum, et, plus r\\u00e9cemment, par son inclusion dans des applications de mise en page de texte, comme Aldus PageMaker.<br><br><\\/div><div><br><\\/div>\",\"image\":\"ZcQfQdzp8bPOTaQ3RFzYxjkbrU2mHx7kQadUKCTZ.png\",\"thumbnail\":\"HcaX5VujJiskcEstSM20Vlz9EKdtHmOIwNGFcCi9.png\",\"updated_at\":\"2019-10-02 14:26:53\",\"created_at\":\"2019-10-02 14:26:53\",\"id\":21}'),
(24, '8ecb08eb-a93f-4cc4-8967-4c75f73aa46c', 13, 'Update', 'App\\News', 21, 'App\\News', 21, 'App\\News', 21, '', 'finished', '', '2019-10-02 13:33:11', '2019-10-02 13:33:11', '{\"description\":\"<div>Le <strong>Lorem Ipsum<\\/strong> est simplement du faux texte employ\\u00e9 dans la composition et la mise en page avant impression. Le Lorem Ipsum est le faux texte standard de l\'imprimerie depuis les ann\\u00e9es 1500, quand un imprimeur anonyme assembla ensemble des morceaux de texte pour r\\u00e9aliser un livre sp\\u00e9cimen de polices de texte. Il n\'a pas fait que survivre cinq si\\u00e8cles, mais s\'est aussi adapt\\u00e9 \\u00e0 la bureautique informatique, sans que son contenu n\'en soit modifi\\u00e9. Il a \\u00e9t\\u00e9 popularis\\u00e9 dans les ann\\u00e9es 1960 gr\\u00e2ce \\u00e0 la vente de feuilles Letraset contenant des passages du Lorem Ipsum, et, plus r\\u00e9cemment, par son inclusion dans des applications de mise en page de texte, comme Aldus PageMaker.<br><br><\\/div><div>Le <strong>Lorem Ipsum<\\/strong> est simplement du faux texte employ\\u00e9 dans la composition et la mise en page avant impression. Le Lorem Ipsum est le faux texte standard de l\'imprimerie depuis les ann\\u00e9es 1500, quand un imprimeur anonyme assembla ensemble des morceaux de texte pour r\\u00e9aliser un livre sp\\u00e9cimen de polices de texte. Il n\'a pas fait que survivre cinq si\\u00e8cles, mais s\'est aussi adapt\\u00e9 \\u00e0 la bureautique informatique, sans que son contenu n\'en soit modifi\\u00e9. Il a \\u00e9t\\u00e9 popularis\\u00e9 dans les ann\\u00e9es 1960 gr\\u00e2ce \\u00e0 la vente de feuilles Letraset contenant des passages du Lorem Ipsum, et, plus r\\u00e9cemment, par son inclusion dans des applications de mise en page de texte, comme Aldus PageMaker.<br><br><\\/div><div>Le <strong>Lorem Ipsum<\\/strong> est simplement du faux texte employ\\u00e9 dans la composition et la mise en page avant impression. Le Lorem Ipsum est le faux texte standard de l\'imprimerie depuis les ann\\u00e9es 1500, quand un imprimeur anonyme assembla ensemble des morceaux de texte pour r\\u00e9aliser un livre sp\\u00e9cimen de polices de texte. Il n\'a pas fait que survivre cinq si\\u00e8cles, mais s\'est aussi adapt\\u00e9 \\u00e0 la bureautique informatique, sans que son contenu n\'en soit modifi\\u00e9. Il a \\u00e9t\\u00e9 popularis\\u00e9 dans les ann\\u00e9es 1960 gr\\u00e2ce \\u00e0 la vente de feuilles Letraset contenant des passages du Lorem Ipsum, et, plus r\\u00e9cemment, par son inclusion dans des applications de mise en page de texte, comme Aldus PageMaker.<br><br><\\/div><div>Le <strong>Lorem Ipsum<\\/strong> est simplement du faux texte employ\\u00e9 dans la composition et la mise en page avant impression. Le Lorem Ipsum est le faux texte standard de l\'imprimerie depuis les ann\\u00e9es 1500, quand un imprimeur anonyme assembla ensemble des morceaux de texte pour r\\u00e9aliser un livre sp\\u00e9cimen de polices de texte. Il n\'a pas fait que survivre cinq si\\u00e8cles, mais s\'est aussi adapt\\u00e9 \\u00e0 la bureautique informatique, sans que son contenu n\'en soit modifi\\u00e9. Il a \\u00e9t\\u00e9 popularis\\u00e9 dans les ann\\u00e9es 1960 gr\\u00e2ce \\u00e0 la vente de feuilles Letraset contenant des passages du Lorem Ipsum, et, plus r\\u00e9cemment, par son inclusion dans des applications de mise en page de texte, comme Aldus PageMaker.<br><br><\\/div><div>Le <strong>Lorem Ipsum<\\/strong> est simplement du faux texte employ\\u00e9 dans la composition et la mise en page avant impression. Le Lorem Ipsum est le faux texte standard de l\'imprimerie depuis les ann\\u00e9es 1500, quand un imprimeur anonyme assembla ensemble des morceaux de texte pour r\\u00e9aliser un livre sp\\u00e9cimen de polices de texte. Il n\'a pas fait que survivre cinq si\\u00e8cles, mais s\'est aussi adapt\\u00e9 \\u00e0 la bureautique informatique, sans que son contenu n\'en soit modifi\\u00e9. Il a \\u00e9t\\u00e9 popularis\\u00e9 dans les ann\\u00e9es 1960 gr\\u00e2ce \\u00e0 la vente de feuilles Letraset contenant des passages du Lorem Ipsum, et, plus r\\u00e9cemment, par son inclusion dans des applications de mise en page de texte, comme Aldus PageMaker.<br><br><\\/div><div><br><\\/div>\"}', '{\"description\":\"<h1><em>Le <\\/em><strong><em>Lorem Ipsum<\\/em><\\/strong><em> <\\/em>est simplement du faux texte employ\\u00e9 dans la composition et la mise en page avant impression. Le Lorem Ipsum est le faux texte standard de l\'imprimerie depuis les ann\\u00e9es 1500, quand un <del>imprimeur anonyme assembla ensemble des morceaux de texte pour r\\u00e9aliser un livre sp\\u00e9cimen de polices de texte. Il n\'a pas fait que survivre cinq si\\u00e8cles, mais s\'est aussi adapt\\u00e9 \\u00e0 la bureautique informatique, sans que son contenu n\'en soit modifi\\u00e9. Il a \\u00e9t\\u00e9 popularis\\u00e9 dans les ann\\u00e9es 1960 gr\\u00e2ce \\u00e0 la vente de feuilles Letraset contenant des passages du Lorem Ipsum, et, plus r\\u00e9cemment, par son inclusion dans des applications de mise en page de texte, comme Aldus PageMaker.<\\/del><\\/h1><div><br><\\/div><div>Le <strong>Lorem Ipsum<\\/strong> est simplement du faux texte employ\\u00e9 dans la composition et la mise en page avant impression. Le Lorem Ipsum est le faux texte standard de l\'imprimerie depuis les ann\\u00e9es 1500, quand un imprimeur anonyme assembla ensemble des morceaux de texte pour r\\u00e9aliser un livre sp\\u00e9cimen de polices de texte. Il n\'a pas fait que survivre cinq si\\u00e8cles, mais s\'est aussi adapt\\u00e9 \\u00e0 la bureautique informatique, sans que son contenu n\'en soit modifi\\u00e9. Il a \\u00e9t\\u00e9 popularis\\u00e9 dans les ann\\u00e9es 1960 gr\\u00e2ce \\u00e0 la vente de feuilles Letraset contenant des passages du Lorem Ipsum, et, plus r\\u00e9cemment, par son inclusion dans des applications de mise en page de texte, comme Aldus PageMaker.<br><br><\\/div><div>Le <strong>Lorem Ipsum<\\/strong> est simplement du faux texte employ\\u00e9 dans la composition et la mise en page avant impression. Le Lorem Ipsum est le faux texte standard de l\'imprimerie depuis les ann\\u00e9es 1500, quand un imprimeur anonyme assembla ensemble des morceaux de texte pour r\\u00e9aliser un livre sp\\u00e9cimen de polices de texte. Il n\'a pas fait que survivre cinq si\\u00e8cles, mais s\'est aussi adapt\\u00e9 \\u00e0 la bureautique informatique, sans que son contenu n\'en soit modifi\\u00e9. Il a \\u00e9t\\u00e9 popularis\\u00e9 dans les ann\\u00e9es 1960 gr\\u00e2ce \\u00e0 la vente de feuilles Letraset contenant des passages du Lorem Ipsum, et, plus r\\u00e9cemment, par son inclusion dans des applications de mise en page de texte, comme Aldus PageMaker.<br><br><\\/div><div>Le <strong>Lorem Ipsum<\\/strong> est simplement du faux texte employ\\u00e9 dans la composition et la mise en page avant impression. Le Lorem Ipsum est le faux texte standard de l\'imprimerie depuis les ann\\u00e9es 1500, quand un imprimeur anonyme assembla ensemble des morceaux de texte pour r\\u00e9aliser un livre sp\\u00e9cimen de polices de texte. Il n\'a pas fait que survivre cinq si\\u00e8cles, mais s\'est aussi adapt\\u00e9 \\u00e0 la bureautique informatique, sans que son contenu n\'en soit modifi\\u00e9. Il a \\u00e9t\\u00e9 popularis\\u00e9 dans les ann\\u00e9es 1960 gr\\u00e2ce \\u00e0 la vente de feuilles Letraset contenant des passages du Lorem Ipsum, et, plus r\\u00e9cemment, par son inclusion dans des applications de mise en page de texte, comme Aldus PageMaker.<br><br><\\/div><div>Le <strong>Lorem Ipsum<\\/strong> est simplement du faux texte employ\\u00e9 dans la composition et la mise en page avant impression. Le Lorem Ipsum est le faux texte standard de l\'imprimerie depuis les ann\\u00e9es 1500, quand un imprimeur anonyme assembla ensemble des morceaux de texte pour r\\u00e9aliser un livre sp\\u00e9cimen de polices de texte. Il n\'a pas fait que survivre cinq si\\u00e8cles, mais s\'est aussi adapt\\u00e9 \\u00e0 la bureautique informatique, sans que son contenu n\'en soit modifi\\u00e9. Il a \\u00e9t\\u00e9 popularis\\u00e9 dans les ann\\u00e9es 1960 gr\\u00e2ce \\u00e0 la vente de feuilles Letraset contenant des passages du Lorem Ipsum, et, plus r\\u00e9cemment, par son inclusion dans des applications de mise en page de texte, comme Aldus PageMaker.<br><br><\\/div><div><br><\\/div>\"}'),
(25, '8ecb0940-760d-400c-952a-7f4aad596ab3', 13, 'Update', 'App\\News', 21, 'App\\News', 21, 'App\\News', 21, '', 'finished', '', '2019-10-02 13:34:07', '2019-10-02 13:34:07', '{\"description\":\"<h1><em>Le <\\/em><strong><em>Lorem Ipsum<\\/em><\\/strong><em> <\\/em>est simplement du faux texte employ\\u00e9 dans la composition et la mise en page avant impression. Le Lorem Ipsum est le faux texte standard de l\'imprimerie depuis les ann\\u00e9es 1500, quand un <del>imprimeur anonyme assembla ensemble des morceaux de texte pour r\\u00e9aliser un livre sp\\u00e9cimen de polices de texte. Il n\'a pas fait que survivre cinq si\\u00e8cles, mais s\'est aussi adapt\\u00e9 \\u00e0 la bureautique informatique, sans que son contenu n\'en soit modifi\\u00e9. Il a \\u00e9t\\u00e9 popularis\\u00e9 dans les ann\\u00e9es 1960 gr\\u00e2ce \\u00e0 la vente de feuilles Letraset contenant des passages du Lorem Ipsum, et, plus r\\u00e9cemment, par son inclusion dans des applications de mise en page de texte, comme Aldus PageMaker.<\\/del><\\/h1><div><br><\\/div><div>Le <strong>Lorem Ipsum<\\/strong> est simplement du faux texte employ\\u00e9 dans la composition et la mise en page avant impression. Le Lorem Ipsum est le faux texte standard de l\'imprimerie depuis les ann\\u00e9es 1500, quand un imprimeur anonyme assembla ensemble des morceaux de texte pour r\\u00e9aliser un livre sp\\u00e9cimen de polices de texte. Il n\'a pas fait que survivre cinq si\\u00e8cles, mais s\'est aussi adapt\\u00e9 \\u00e0 la bureautique informatique, sans que son contenu n\'en soit modifi\\u00e9. Il a \\u00e9t\\u00e9 popularis\\u00e9 dans les ann\\u00e9es 1960 gr\\u00e2ce \\u00e0 la vente de feuilles Letraset contenant des passages du Lorem Ipsum, et, plus r\\u00e9cemment, par son inclusion dans des applications de mise en page de texte, comme Aldus PageMaker.<br><br><\\/div><div>Le <strong>Lorem Ipsum<\\/strong> est simplement du faux texte employ\\u00e9 dans la composition et la mise en page avant impression. Le Lorem Ipsum est le faux texte standard de l\'imprimerie depuis les ann\\u00e9es 1500, quand un imprimeur anonyme assembla ensemble des morceaux de texte pour r\\u00e9aliser un livre sp\\u00e9cimen de polices de texte. Il n\'a pas fait que survivre cinq si\\u00e8cles, mais s\'est aussi adapt\\u00e9 \\u00e0 la bureautique informatique, sans que son contenu n\'en soit modifi\\u00e9. Il a \\u00e9t\\u00e9 popularis\\u00e9 dans les ann\\u00e9es 1960 gr\\u00e2ce \\u00e0 la vente de feuilles Letraset contenant des passages du Lorem Ipsum, et, plus r\\u00e9cemment, par son inclusion dans des applications de mise en page de texte, comme Aldus PageMaker.<br><br><\\/div><div>Le <strong>Lorem Ipsum<\\/strong> est simplement du faux texte employ\\u00e9 dans la composition et la mise en page avant impression. Le Lorem Ipsum est le faux texte standard de l\'imprimerie depuis les ann\\u00e9es 1500, quand un imprimeur anonyme assembla ensemble des morceaux de texte pour r\\u00e9aliser un livre sp\\u00e9cimen de polices de texte. Il n\'a pas fait que survivre cinq si\\u00e8cles, mais s\'est aussi adapt\\u00e9 \\u00e0 la bureautique informatique, sans que son contenu n\'en soit modifi\\u00e9. Il a \\u00e9t\\u00e9 popularis\\u00e9 dans les ann\\u00e9es 1960 gr\\u00e2ce \\u00e0 la vente de feuilles Letraset contenant des passages du Lorem Ipsum, et, plus r\\u00e9cemment, par son inclusion dans des applications de mise en page de texte, comme Aldus PageMaker.<br><br><\\/div><div>Le <strong>Lorem Ipsum<\\/strong> est simplement du faux texte employ\\u00e9 dans la composition et la mise en page avant impression. Le Lorem Ipsum est le faux texte standard de l\'imprimerie depuis les ann\\u00e9es 1500, quand un imprimeur anonyme assembla ensemble des morceaux de texte pour r\\u00e9aliser un livre sp\\u00e9cimen de polices de texte. Il n\'a pas fait que survivre cinq si\\u00e8cles, mais s\'est aussi adapt\\u00e9 \\u00e0 la bureautique informatique, sans que son contenu n\'en soit modifi\\u00e9. Il a \\u00e9t\\u00e9 popularis\\u00e9 dans les ann\\u00e9es 1960 gr\\u00e2ce \\u00e0 la vente de feuilles Letraset contenant des passages du Lorem Ipsum, et, plus r\\u00e9cemment, par son inclusion dans des applications de mise en page de texte, comme Aldus PageMaker.<br><br><\\/div><div><br><\\/div>\"}', '{\"description\":\"<div><em>Le <\\/em><strong><em>Lorem Ipsum<\\/em><\\/strong><em> <\\/em>est simplement du faux texte employ\\u00e9 dans la composition et la mise en page avant impression. Le Lorem Ipsum est le faux texte standard de l\'imprimerie depuis les ann\\u00e9es 1500, quand un imprimeur anonyme assembla ensemble des morceaux de texte pour r\\u00e9aliser un livre sp\\u00e9cimen de polices de texte. Il n\'a pas fait que survivre cinq si\\u00e8cles, mais s\'est aussi adapt\\u00e9 \\u00e0 la bureautique informatique, sans que son contenu n\'en soit modifi\\u00e9. Il a \\u00e9t\\u00e9 popularis\\u00e9 dans les ann\\u00e9es 1960 gr\\u00e2ce \\u00e0 la vente de feuilles Letraset contenant des passages du Lorem Ipsum, et, plus r\\u00e9cemment, par son inclusion dans des applications de mise en page de texte, comme Aldus PageMaker.<\\/div><div><figure data-trix-attachment=\\\"{&quot;contentType&quot;:&quot;image&quot;,&quot;height&quot;:375,&quot;url&quot;:&quot;https:\\/\\/community-cdn-digitalocean-com.global.ssl.fastly.net\\/assets\\/tutorials\\/images\\/large\\/Let\'s_Encrypt_apache_tw_mostov.jpg?1468952215&quot;,&quot;width&quot;:750}\\\" data-trix-content-type=\\\"image\\\" class=\\\"attachment attachment--preview\\\"><img src=\\\"https:\\/\\/community-cdn-digitalocean-com.global.ssl.fastly.net\\/assets\\/tutorials\\/images\\/large\\/Let\'s_Encrypt_apache_tw_mostov.jpg?1468952215\\\" width=\\\"750\\\" height=\\\"375\\\"><figcaption class=\\\"attachment__caption\\\"><\\/figcaption><\\/figure><\\/div><div>Le <strong>Lorem Ipsum<\\/strong> est simplement du faux texte employ\\u00e9 dans la composition et la mise en page avant impression. Le Lorem Ipsum est le faux texte standard de l\'imprimerie depuis les ann\\u00e9es 1500, quand un imprimeur anonyme assembla ensemble des morceaux de texte pour r\\u00e9aliser un livre sp\\u00e9cimen de polices de texte. Il n\'a pas fait que survivre cinq si\\u00e8cles, mais s\'est aussi adapt\\u00e9 \\u00e0 la bureautique informatique, sans que son contenu n\'en soit modifi\\u00e9. Il a \\u00e9t\\u00e9 popularis\\u00e9 dans les ann\\u00e9es 1960 gr\\u00e2ce \\u00e0 la vente de feuilles Letraset contenant des passages du Lorem Ipsum, et, plus r\\u00e9cemment, par son inclusion dans des applications de mise en page de texte, comme Aldus PageMaker.<br><br><\\/div><div>Le <strong>Lorem Ipsum<\\/strong> est simplement du faux texte employ\\u00e9 dans la composition et la mise en page avant impression. Le Lorem Ipsum est le faux texte standard de l\'imprimerie depuis les ann\\u00e9es 1500, quand un imprimeur anonyme assembla ensemble des morceaux de texte pour r\\u00e9aliser un livre sp\\u00e9cimen de polices de texte. Il n\'a pas fait que survivre cinq si\\u00e8cles, mais s\'est aussi adapt\\u00e9 \\u00e0 la bureautique informatique, sans que son contenu n\'en soit modifi\\u00e9. Il a \\u00e9t\\u00e9 popularis\\u00e9 dans les ann\\u00e9es 1960 gr\\u00e2ce \\u00e0 la vente de feuilles Letraset contenant des passages du Lorem Ipsum, et, plus r\\u00e9cemment, par son inclusion dans des applications de mise en page de texte, comme Aldus PageMaker.<br><br><\\/div><div>Le <strong>Lorem Ipsum<\\/strong> est simplement du faux texte employ\\u00e9 dans la composition et la mise en page avant impression. Le Lorem Ipsum est le faux texte standard de l\'imprimerie depuis les ann\\u00e9es 1500, quand un imprimeur anonyme assembla ensemble des morceaux de texte pour r\\u00e9aliser un livre sp\\u00e9cimen de polices de texte. Il n\'a pas fait que survivre cinq si\\u00e8cles, mais s\'est aussi adapt\\u00e9 \\u00e0 la bureautique informatique, sans que son contenu n\'en soit modifi\\u00e9. Il a \\u00e9t\\u00e9 popularis\\u00e9 dans les ann\\u00e9es 1960 gr\\u00e2ce \\u00e0 la vente de feuilles Letraset contenant des passages du Lorem Ipsum, et, plus r\\u00e9cemment, par son inclusion dans des applications de mise en page de texte, comme Aldus PageMaker.<br><br><\\/div><div>Le <strong>Lorem Ipsum<\\/strong> est simplement du faux texte employ\\u00e9 dans la composition et la mise en page avant impression. Le Lorem Ipsum est le faux texte standard de l\'imprimerie depuis les ann\\u00e9es 1500, quand un imprimeur anonyme assembla ensemble des morceaux de texte pour r\\u00e9aliser un livre sp\\u00e9cimen de polices de texte. Il n\'a pas fait que survivre cinq si\\u00e8cles, mais s\'est aussi adapt\\u00e9 \\u00e0 la bureautique informatique, sans que son contenu n\'en soit modifi\\u00e9. Il a \\u00e9t\\u00e9 popularis\\u00e9 dans les ann\\u00e9es 1960 gr\\u00e2ce \\u00e0 la vente de feuilles Letraset contenant des passages du Lorem Ipsum, et, plus r\\u00e9cemment, par son inclusion dans des applications de mise en page de texte, comme Aldus PageMaker.<br><br><\\/div><div><br><\\/div><div><br><\\/div>\"}'),
(26, '8ecb0af1-a7e2-446c-b8a4-9324eb179b3e', 13, 'Update', 'App\\News', 21, 'App\\News', 21, 'App\\News', 21, '', 'finished', '', '2019-10-02 13:38:51', '2019-10-02 13:38:51', '{\"description\":\"<div><em>Le <\\/em><strong><em>Lorem Ipsum<\\/em><\\/strong><em> <\\/em>est simplement du faux texte employ\\u00e9 dans la composition et la mise en page avant impression. Le Lorem Ipsum est le faux texte standard de l\'imprimerie depuis les ann\\u00e9es 1500, quand un imprimeur anonyme assembla ensemble des morceaux de texte pour r\\u00e9aliser un livre sp\\u00e9cimen de polices de texte. Il n\'a pas fait que survivre cinq si\\u00e8cles, mais s\'est aussi adapt\\u00e9 \\u00e0 la bureautique informatique, sans que son contenu n\'en soit modifi\\u00e9. Il a \\u00e9t\\u00e9 popularis\\u00e9 dans les ann\\u00e9es 1960 gr\\u00e2ce \\u00e0 la vente de feuilles Letraset contenant des passages du Lorem Ipsum, et, plus r\\u00e9cemment, par son inclusion dans des applications de mise en page de texte, comme Aldus PageMaker.<\\/div><div><figure data-trix-attachment=\\\"{&quot;contentType&quot;:&quot;image&quot;,&quot;height&quot;:375,&quot;url&quot;:&quot;https:\\/\\/community-cdn-digitalocean-com.global.ssl.fastly.net\\/assets\\/tutorials\\/images\\/large\\/Let\'s_Encrypt_apache_tw_mostov.jpg?1468952215&quot;,&quot;width&quot;:750}\\\" data-trix-content-type=\\\"image\\\" class=\\\"attachment attachment--preview\\\"><img src=\\\"https:\\/\\/community-cdn-digitalocean-com.global.ssl.fastly.net\\/assets\\/tutorials\\/images\\/large\\/Let\'s_Encrypt_apache_tw_mostov.jpg?1468952215\\\" width=\\\"750\\\" height=\\\"375\\\"><figcaption class=\\\"attachment__caption\\\"><\\/figcaption><\\/figure><\\/div><div>Le <strong>Lorem Ipsum<\\/strong> est simplement du faux texte employ\\u00e9 dans la composition et la mise en page avant impression. Le Lorem Ipsum est le faux texte standard de l\'imprimerie depuis les ann\\u00e9es 1500, quand un imprimeur anonyme assembla ensemble des morceaux de texte pour r\\u00e9aliser un livre sp\\u00e9cimen de polices de texte. Il n\'a pas fait que survivre cinq si\\u00e8cles, mais s\'est aussi adapt\\u00e9 \\u00e0 la bureautique informatique, sans que son contenu n\'en soit modifi\\u00e9. Il a \\u00e9t\\u00e9 popularis\\u00e9 dans les ann\\u00e9es 1960 gr\\u00e2ce \\u00e0 la vente de feuilles Letraset contenant des passages du Lorem Ipsum, et, plus r\\u00e9cemment, par son inclusion dans des applications de mise en page de texte, comme Aldus PageMaker.<br><br><\\/div><div>Le <strong>Lorem Ipsum<\\/strong> est simplement du faux texte employ\\u00e9 dans la composition et la mise en page avant impression. Le Lorem Ipsum est le faux texte standard de l\'imprimerie depuis les ann\\u00e9es 1500, quand un imprimeur anonyme assembla ensemble des morceaux de texte pour r\\u00e9aliser un livre sp\\u00e9cimen de polices de texte. Il n\'a pas fait que survivre cinq si\\u00e8cles, mais s\'est aussi adapt\\u00e9 \\u00e0 la bureautique informatique, sans que son contenu n\'en soit modifi\\u00e9. Il a \\u00e9t\\u00e9 popularis\\u00e9 dans les ann\\u00e9es 1960 gr\\u00e2ce \\u00e0 la vente de feuilles Letraset contenant des passages du Lorem Ipsum, et, plus r\\u00e9cemment, par son inclusion dans des applications de mise en page de texte, comme Aldus PageMaker.<br><br><\\/div><div>Le <strong>Lorem Ipsum<\\/strong> est simplement du faux texte employ\\u00e9 dans la composition et la mise en page avant impression. Le Lorem Ipsum est le faux texte standard de l\'imprimerie depuis les ann\\u00e9es 1500, quand un imprimeur anonyme assembla ensemble des morceaux de texte pour r\\u00e9aliser un livre sp\\u00e9cimen de polices de texte. Il n\'a pas fait que survivre cinq si\\u00e8cles, mais s\'est aussi adapt\\u00e9 \\u00e0 la bureautique informatique, sans que son contenu n\'en soit modifi\\u00e9. Il a \\u00e9t\\u00e9 popularis\\u00e9 dans les ann\\u00e9es 1960 gr\\u00e2ce \\u00e0 la vente de feuilles Letraset contenant des passages du Lorem Ipsum, et, plus r\\u00e9cemment, par son inclusion dans des applications de mise en page de texte, comme Aldus PageMaker.<br><br><\\/div><div>Le <strong>Lorem Ipsum<\\/strong> est simplement du faux texte employ\\u00e9 dans la composition et la mise en page avant impression. Le Lorem Ipsum est le faux texte standard de l\'imprimerie depuis les ann\\u00e9es 1500, quand un imprimeur anonyme assembla ensemble des morceaux de texte pour r\\u00e9aliser un livre sp\\u00e9cimen de polices de texte. Il n\'a pas fait que survivre cinq si\\u00e8cles, mais s\'est aussi adapt\\u00e9 \\u00e0 la bureautique informatique, sans que son contenu n\'en soit modifi\\u00e9. Il a \\u00e9t\\u00e9 popularis\\u00e9 dans les ann\\u00e9es 1960 gr\\u00e2ce \\u00e0 la vente de feuilles Letraset contenant des passages du Lorem Ipsum, et, plus r\\u00e9cemment, par son inclusion dans des applications de mise en page de texte, comme Aldus PageMaker.<br><br><\\/div><div><br><\\/div><div><br><\\/div>\"}', '{\"description\":\"<h1><em>Le <\\/em><strong><em>Lorem Ipsum<\\/em><\\/strong><em> <\\/em>est simplement du faux texte employ\\u00e9 dans la composition et la mise en page avant impression. Le Lorem Ipsum est le faux texte standard de l\'imprimerie depuis les ann\\u00e9es 1500, quand un imprimeur anonyme assembla ensemble des morceaux de texte pour r\\u00e9aliser un livre sp\\u00e9cimen de polices de texte. Il n\'a pas fait que survivre cinq si\\u00e8cles, mais s\'est aussi adapt\\u00e9 \\u00e0 la bureautique informatique, sans que son contenu n\'en soit modifi\\u00e9. Il a \\u00e9t\\u00e9 popularis\\u00e9 dans les ann\\u00e9es 1960 gr\\u00e2ce \\u00e0 la vente de feuilles Letraset contenant des passages du Lorem Ipsum, et, plus r\\u00e9cemment, par son inclusion dans des applications de mise en page de texte, comme Aldus PageMaker.<\\/h1><div><figure data-trix-attachment=\\\"{&quot;contentType&quot;:&quot;image&quot;,&quot;height&quot;:375,&quot;url&quot;:&quot;https:\\/\\/community-cdn-digitalocean-com.global.ssl.fastly.net\\/assets\\/tutorials\\/images\\/large\\/Let\'s_Encrypt_apache_tw_mostov.jpg?1468952215&quot;,&quot;width&quot;:750}\\\" data-trix-content-type=\\\"image\\\" class=\\\"attachment attachment--preview\\\"><img src=\\\"https:\\/\\/community-cdn-digitalocean-com.global.ssl.fastly.net\\/assets\\/tutorials\\/images\\/large\\/Let\'s_Encrypt_apache_tw_mostov.jpg?1468952215\\\" width=\\\"750\\\" height=\\\"375\\\"><figcaption class=\\\"attachment__caption\\\"><\\/figcaption><\\/figure><\\/div><div>Le <strong>Lorem Ipsum<\\/strong> est simplement du faux texte employ\\u00e9 dans la composition et la mise en page avant impression. Le Lorem Ipsum est le faux texte standard de l\'imprimerie depuis les ann\\u00e9es 1500, quand un imprimeur anonyme assembla ensemble des morceaux de texte pour r\\u00e9aliser un livre sp\\u00e9cimen de polices de texte. Il n\'a pas fait que survivre cinq si\\u00e8cles, mais s\'est aussi adapt\\u00e9 \\u00e0 la bureautique informatique, sans que son contenu n\'en soit modifi\\u00e9. Il a \\u00e9t\\u00e9 popularis\\u00e9 dans les ann\\u00e9es 1960 gr\\u00e2ce \\u00e0 la vente de feuilles Letraset contenant des passages du Lorem Ipsum, et, plus r\\u00e9cemment, par son inclusion dans des applications de mise en page de texte, comme Aldus PageMaker.<br><br><\\/div><div>Le <strong>Lorem Ipsum<\\/strong> est simplement du faux texte employ\\u00e9 dans la composition et la mise en page avant impression. Le Lorem Ipsum est le faux texte standard de l\'imprimerie depuis les ann\\u00e9es 1500, quand un imprimeur anonyme assembla ensemble des morceaux de texte pour r\\u00e9aliser un livre sp\\u00e9cimen de polices de texte. Il n\'a pas fait que survivre cinq si\\u00e8cles, mais s\'est aussi adapt\\u00e9 \\u00e0 la bureautique informatique, sans que son contenu n\'en soit modifi\\u00e9. Il a \\u00e9t\\u00e9 popularis\\u00e9 dans les ann\\u00e9es 1960 gr\\u00e2ce \\u00e0 la vente de feuilles Letraset contenant des passages du Lorem Ipsum, et, plus r\\u00e9cemment, par son inclusion dans des applications de mise en page de texte, comme Aldus PageMaker.<br><br><\\/div><div>Le <strong>Lorem Ipsum<\\/strong> est simplement du faux texte employ\\u00e9 dans la composition et la mise en page avant impression. Le Lorem Ipsum est le faux texte standard de l\'imprimerie depuis les ann\\u00e9es 1500, quand un imprimeur anonyme assembla ensemble des morceaux de texte pour r\\u00e9aliser un livre sp\\u00e9cimen de polices de texte. Il n\'a pas fait que survivre cinq si\\u00e8cles, mais s\'est aussi adapt\\u00e9 \\u00e0 la bureautique informatique, sans que son contenu n\'en soit modifi\\u00e9. Il a \\u00e9t\\u00e9 popularis\\u00e9 dans les ann\\u00e9es 1960 gr\\u00e2ce \\u00e0 la vente de feuilles Letraset contenant des passages du Lorem Ipsum, et, plus r\\u00e9cemment, par son inclusion dans des applications de mise en page de texte, comme Aldus PageMaker.<br><br><\\/div><div>Le <strong>Lorem Ipsum<\\/strong> est simplement du faux texte employ\\u00e9 dans la composition et la mise en page avant impression. Le Lorem Ipsum est le faux texte standard de l\'imprimerie depuis les ann\\u00e9es 1500, quand un imprimeur anonyme assembla ensemble des morceaux de texte pour r\\u00e9aliser un livre sp\\u00e9cimen de polices de texte. Il n\'a pas fait que survivre cinq si\\u00e8cles, mais s\'est aussi adapt\\u00e9 \\u00e0 la bureautique informatique, sans que son contenu n\'en soit modifi\\u00e9. Il a \\u00e9t\\u00e9 popularis\\u00e9 dans les ann\\u00e9es 1960 gr\\u00e2ce \\u00e0 la vente de feuilles Letraset contenant des passages du Lorem Ipsum, et, plus r\\u00e9cemment, par son inclusion dans des applications de mise en page de texte, comme Aldus PageMaker.<br><br><\\/div><div><br><\\/div><div><br><\\/div>\"}'),
(27, '8ecb0b19-efa8-41db-b4a7-8b39afe70335', 13, 'Update', 'App\\News', 21, 'App\\News', 21, 'App\\News', 21, '', 'finished', '', '2019-10-02 13:39:17', '2019-10-02 13:39:17', '{\"description\":\"<h1><em>Le <\\/em><strong><em>Lorem Ipsum<\\/em><\\/strong><em> <\\/em>est simplement du faux texte employ\\u00e9 dans la composition et la mise en page avant impression. Le Lorem Ipsum est le faux texte standard de l\'imprimerie depuis les ann\\u00e9es 1500, quand un imprimeur anonyme assembla ensemble des morceaux de texte pour r\\u00e9aliser un livre sp\\u00e9cimen de polices de texte. Il n\'a pas fait que survivre cinq si\\u00e8cles, mais s\'est aussi adapt\\u00e9 \\u00e0 la bureautique informatique, sans que son contenu n\'en soit modifi\\u00e9. Il a \\u00e9t\\u00e9 popularis\\u00e9 dans les ann\\u00e9es 1960 gr\\u00e2ce \\u00e0 la vente de feuilles Letraset contenant des passages du Lorem Ipsum, et, plus r\\u00e9cemment, par son inclusion dans des applications de mise en page de texte, comme Aldus PageMaker.<\\/h1><div><figure data-trix-attachment=\\\"{&quot;contentType&quot;:&quot;image&quot;,&quot;height&quot;:375,&quot;url&quot;:&quot;https:\\/\\/community-cdn-digitalocean-com.global.ssl.fastly.net\\/assets\\/tutorials\\/images\\/large\\/Let\'s_Encrypt_apache_tw_mostov.jpg?1468952215&quot;,&quot;width&quot;:750}\\\" data-trix-content-type=\\\"image\\\" class=\\\"attachment attachment--preview\\\"><img src=\\\"https:\\/\\/community-cdn-digitalocean-com.global.ssl.fastly.net\\/assets\\/tutorials\\/images\\/large\\/Let\'s_Encrypt_apache_tw_mostov.jpg?1468952215\\\" width=\\\"750\\\" height=\\\"375\\\"><figcaption class=\\\"attachment__caption\\\"><\\/figcaption><\\/figure><\\/div><div>Le <strong>Lorem Ipsum<\\/strong> est simplement du faux texte employ\\u00e9 dans la composition et la mise en page avant impression. Le Lorem Ipsum est le faux texte standard de l\'imprimerie depuis les ann\\u00e9es 1500, quand un imprimeur anonyme assembla ensemble des morceaux de texte pour r\\u00e9aliser un livre sp\\u00e9cimen de polices de texte. Il n\'a pas fait que survivre cinq si\\u00e8cles, mais s\'est aussi adapt\\u00e9 \\u00e0 la bureautique informatique, sans que son contenu n\'en soit modifi\\u00e9. Il a \\u00e9t\\u00e9 popularis\\u00e9 dans les ann\\u00e9es 1960 gr\\u00e2ce \\u00e0 la vente de feuilles Letraset contenant des passages du Lorem Ipsum, et, plus r\\u00e9cemment, par son inclusion dans des applications de mise en page de texte, comme Aldus PageMaker.<br><br><\\/div><div>Le <strong>Lorem Ipsum<\\/strong> est simplement du faux texte employ\\u00e9 dans la composition et la mise en page avant impression. Le Lorem Ipsum est le faux texte standard de l\'imprimerie depuis les ann\\u00e9es 1500, quand un imprimeur anonyme assembla ensemble des morceaux de texte pour r\\u00e9aliser un livre sp\\u00e9cimen de polices de texte. Il n\'a pas fait que survivre cinq si\\u00e8cles, mais s\'est aussi adapt\\u00e9 \\u00e0 la bureautique informatique, sans que son contenu n\'en soit modifi\\u00e9. Il a \\u00e9t\\u00e9 popularis\\u00e9 dans les ann\\u00e9es 1960 gr\\u00e2ce \\u00e0 la vente de feuilles Letraset contenant des passages du Lorem Ipsum, et, plus r\\u00e9cemment, par son inclusion dans des applications de mise en page de texte, comme Aldus PageMaker.<br><br><\\/div><div>Le <strong>Lorem Ipsum<\\/strong> est simplement du faux texte employ\\u00e9 dans la composition et la mise en page avant impression. Le Lorem Ipsum est le faux texte standard de l\'imprimerie depuis les ann\\u00e9es 1500, quand un imprimeur anonyme assembla ensemble des morceaux de texte pour r\\u00e9aliser un livre sp\\u00e9cimen de polices de texte. Il n\'a pas fait que survivre cinq si\\u00e8cles, mais s\'est aussi adapt\\u00e9 \\u00e0 la bureautique informatique, sans que son contenu n\'en soit modifi\\u00e9. Il a \\u00e9t\\u00e9 popularis\\u00e9 dans les ann\\u00e9es 1960 gr\\u00e2ce \\u00e0 la vente de feuilles Letraset contenant des passages du Lorem Ipsum, et, plus r\\u00e9cemment, par son inclusion dans des applications de mise en page de texte, comme Aldus PageMaker.<br><br><\\/div><div>Le <strong>Lorem Ipsum<\\/strong> est simplement du faux texte employ\\u00e9 dans la composition et la mise en page avant impression. Le Lorem Ipsum est le faux texte standard de l\'imprimerie depuis les ann\\u00e9es 1500, quand un imprimeur anonyme assembla ensemble des morceaux de texte pour r\\u00e9aliser un livre sp\\u00e9cimen de polices de texte. Il n\'a pas fait que survivre cinq si\\u00e8cles, mais s\'est aussi adapt\\u00e9 \\u00e0 la bureautique informatique, sans que son contenu n\'en soit modifi\\u00e9. Il a \\u00e9t\\u00e9 popularis\\u00e9 dans les ann\\u00e9es 1960 gr\\u00e2ce \\u00e0 la vente de feuilles Letraset contenant des passages du Lorem Ipsum, et, plus r\\u00e9cemment, par son inclusion dans des applications de mise en page de texte, comme Aldus PageMaker.<br><br><\\/div><div><br><\\/div><div><br><\\/div>\"}', '{\"description\":\"<h1>Title:&nbsp;<\\/h1><div><figure data-trix-attachment=\\\"{&quot;contentType&quot;:&quot;image&quot;,&quot;height&quot;:375,&quot;url&quot;:&quot;https:\\/\\/community-cdn-digitalocean-com.global.ssl.fastly.net\\/assets\\/tutorials\\/images\\/large\\/Let\'s_Encrypt_apache_tw_mostov.jpg?1468952215&quot;,&quot;width&quot;:750}\\\" data-trix-content-type=\\\"image\\\" class=\\\"attachment attachment--preview\\\"><img src=\\\"https:\\/\\/community-cdn-digitalocean-com.global.ssl.fastly.net\\/assets\\/tutorials\\/images\\/large\\/Let\'s_Encrypt_apache_tw_mostov.jpg?1468952215\\\" width=\\\"750\\\" height=\\\"375\\\"><figcaption class=\\\"attachment__caption\\\"><\\/figcaption><\\/figure><\\/div><div>Le <strong>Lorem Ipsum<\\/strong> est simplement du faux texte employ\\u00e9 dans la composition et la mise en page avant impression. Le Lorem Ipsum est le faux texte standard de l\'imprimerie depuis les ann\\u00e9es 1500, quand un imprimeur anonyme assembla ensemble des morceaux de texte pour r\\u00e9aliser un livre sp\\u00e9cimen de polices de texte. Il n\'a pas fait que survivre cinq si\\u00e8cles, mais s\'est aussi adapt\\u00e9 \\u00e0 la bureautique informatique, sans que son contenu n\'en soit modifi\\u00e9. Il a \\u00e9t\\u00e9 popularis\\u00e9 dans les ann\\u00e9es 1960 gr\\u00e2ce \\u00e0 la vente de feuilles Letraset contenant des passages du Lorem Ipsum, et, plus r\\u00e9cemment, par son inclusion dans des applications de mise en page de texte, comme Aldus PageMaker.<br><br><\\/div><div>Le <strong>Lorem Ipsum<\\/strong> est simplement du faux texte employ\\u00e9 dans la composition et la mise en page avant impression. Le Lorem Ipsum est le faux texte standard de l\'imprimerie depuis les ann\\u00e9es 1500, quand un imprimeur anonyme assembla ensemble des morceaux de texte pour r\\u00e9aliser un livre sp\\u00e9cimen de polices de texte. Il n\'a pas fait que survivre cinq si\\u00e8cles, mais s\'est aussi adapt\\u00e9 \\u00e0 la bureautique informatique, sans que son contenu n\'en soit modifi\\u00e9. Il a \\u00e9t\\u00e9 popularis\\u00e9 dans les ann\\u00e9es 1960 gr\\u00e2ce \\u00e0 la vente de feuilles Letraset contenant des passages du Lorem Ipsum, et, plus r\\u00e9cemment, par son inclusion dans des applications de mise en page de texte, comme Aldus PageMaker.<br><br><\\/div><div>Le <strong>Lorem Ipsum<\\/strong> est simplement du faux texte employ\\u00e9 dans la composition et la mise en page avant impression. Le Lorem Ipsum est le faux texte standard de l\'imprimerie depuis les ann\\u00e9es 1500, quand un imprimeur anonyme assembla ensemble des morceaux de texte pour r\\u00e9aliser un livre sp\\u00e9cimen de polices de texte. Il n\'a pas fait que survivre cinq si\\u00e8cles, mais s\'est aussi adapt\\u00e9 \\u00e0 la bureautique informatique, sans que son contenu n\'en soit modifi\\u00e9. Il a \\u00e9t\\u00e9 popularis\\u00e9 dans les ann\\u00e9es 1960 gr\\u00e2ce \\u00e0 la vente de feuilles Letraset contenant des passages du Lorem Ipsum, et, plus r\\u00e9cemment, par son inclusion dans des applications de mise en page de texte, comme Aldus PageMaker.<br><br><\\/div><div>Le <strong>Lorem Ipsum<\\/strong> est simplement du faux texte employ\\u00e9 dans la composition et la mise en page avant impression. Le Lorem Ipsum est le faux texte standard de l\'imprimerie depuis les ann\\u00e9es 1500, quand un imprimeur anonyme assembla ensemble des morceaux de texte pour r\\u00e9aliser un livre sp\\u00e9cimen de polices de texte. Il n\'a pas fait que survivre cinq si\\u00e8cles, mais s\'est aussi adapt\\u00e9 \\u00e0 la bureautique informatique, sans que son contenu n\'en soit modifi\\u00e9. Il a \\u00e9t\\u00e9 popularis\\u00e9 dans les ann\\u00e9es 1960 gr\\u00e2ce \\u00e0 la vente de feuilles Letraset contenant des passages du Lorem Ipsum, et, plus r\\u00e9cemment, par son inclusion dans des applications de mise en page de texte, comme Aldus PageMaker.<br><br><\\/div><div><br><\\/div><div><br><\\/div><div><br><\\/div>\"}');
INSERT INTO `action_events` (`id`, `batch_id`, `user_id`, `name`, `actionable_type`, `actionable_id`, `target_type`, `target_id`, `model_type`, `model_id`, `fields`, `status`, `exception`, `created_at`, `updated_at`, `original`, `changes`) VALUES
(28, '8ecb1002-e8b2-45d9-9d1c-5e00269295f4', 13, 'Update', 'App\\News', 21, 'App\\News', 21, 'App\\News', 21, '', 'finished', '', '2019-10-02 13:53:01', '2019-10-02 13:53:01', '{\"description\":\"<h1>Title:&nbsp;<\\/h1><div><figure data-trix-attachment=\\\"{&quot;contentType&quot;:&quot;image&quot;,&quot;height&quot;:375,&quot;url&quot;:&quot;https:\\/\\/community-cdn-digitalocean-com.global.ssl.fastly.net\\/assets\\/tutorials\\/images\\/large\\/Let\'s_Encrypt_apache_tw_mostov.jpg?1468952215&quot;,&quot;width&quot;:750}\\\" data-trix-content-type=\\\"image\\\" class=\\\"attachment attachment--preview\\\"><img src=\\\"https:\\/\\/community-cdn-digitalocean-com.global.ssl.fastly.net\\/assets\\/tutorials\\/images\\/large\\/Let\'s_Encrypt_apache_tw_mostov.jpg?1468952215\\\" width=\\\"750\\\" height=\\\"375\\\"><figcaption class=\\\"attachment__caption\\\"><\\/figcaption><\\/figure><\\/div><div>Le <strong>Lorem Ipsum<\\/strong> est simplement du faux texte employ\\u00e9 dans la composition et la mise en page avant impression. Le Lorem Ipsum est le faux texte standard de l\'imprimerie depuis les ann\\u00e9es 1500, quand un imprimeur anonyme assembla ensemble des morceaux de texte pour r\\u00e9aliser un livre sp\\u00e9cimen de polices de texte. Il n\'a pas fait que survivre cinq si\\u00e8cles, mais s\'est aussi adapt\\u00e9 \\u00e0 la bureautique informatique, sans que son contenu n\'en soit modifi\\u00e9. Il a \\u00e9t\\u00e9 popularis\\u00e9 dans les ann\\u00e9es 1960 gr\\u00e2ce \\u00e0 la vente de feuilles Letraset contenant des passages du Lorem Ipsum, et, plus r\\u00e9cemment, par son inclusion dans des applications de mise en page de texte, comme Aldus PageMaker.<br><br><\\/div><div>Le <strong>Lorem Ipsum<\\/strong> est simplement du faux texte employ\\u00e9 dans la composition et la mise en page avant impression. Le Lorem Ipsum est le faux texte standard de l\'imprimerie depuis les ann\\u00e9es 1500, quand un imprimeur anonyme assembla ensemble des morceaux de texte pour r\\u00e9aliser un livre sp\\u00e9cimen de polices de texte. Il n\'a pas fait que survivre cinq si\\u00e8cles, mais s\'est aussi adapt\\u00e9 \\u00e0 la bureautique informatique, sans que son contenu n\'en soit modifi\\u00e9. Il a \\u00e9t\\u00e9 popularis\\u00e9 dans les ann\\u00e9es 1960 gr\\u00e2ce \\u00e0 la vente de feuilles Letraset contenant des passages du Lorem Ipsum, et, plus r\\u00e9cemment, par son inclusion dans des applications de mise en page de texte, comme Aldus PageMaker.<br><br><\\/div><div>Le <strong>Lorem Ipsum<\\/strong> est simplement du faux texte employ\\u00e9 dans la composition et la mise en page avant impression. Le Lorem Ipsum est le faux texte standard de l\'imprimerie depuis les ann\\u00e9es 1500, quand un imprimeur anonyme assembla ensemble des morceaux de texte pour r\\u00e9aliser un livre sp\\u00e9cimen de polices de texte. Il n\'a pas fait que survivre cinq si\\u00e8cles, mais s\'est aussi adapt\\u00e9 \\u00e0 la bureautique informatique, sans que son contenu n\'en soit modifi\\u00e9. Il a \\u00e9t\\u00e9 popularis\\u00e9 dans les ann\\u00e9es 1960 gr\\u00e2ce \\u00e0 la vente de feuilles Letraset contenant des passages du Lorem Ipsum, et, plus r\\u00e9cemment, par son inclusion dans des applications de mise en page de texte, comme Aldus PageMaker.<br><br><\\/div><div>Le <strong>Lorem Ipsum<\\/strong> est simplement du faux texte employ\\u00e9 dans la composition et la mise en page avant impression. Le Lorem Ipsum est le faux texte standard de l\'imprimerie depuis les ann\\u00e9es 1500, quand un imprimeur anonyme assembla ensemble des morceaux de texte pour r\\u00e9aliser un livre sp\\u00e9cimen de polices de texte. Il n\'a pas fait que survivre cinq si\\u00e8cles, mais s\'est aussi adapt\\u00e9 \\u00e0 la bureautique informatique, sans que son contenu n\'en soit modifi\\u00e9. Il a \\u00e9t\\u00e9 popularis\\u00e9 dans les ann\\u00e9es 1960 gr\\u00e2ce \\u00e0 la vente de feuilles Letraset contenant des passages du Lorem Ipsum, et, plus r\\u00e9cemment, par son inclusion dans des applications de mise en page de texte, comme Aldus PageMaker.<br><br><\\/div><div><br><\\/div><div><br><\\/div><div><br><\\/div>\"}', '{\"description\":\"<h1>Title:&nbsp;<\\/h1><div><figure data-trix-attachment=\\\"{&quot;contentType&quot;:&quot;image&quot;,&quot;height&quot;:375,&quot;url&quot;:&quot;https:\\/\\/community-cdn-digitalocean-com.global.ssl.fastly.net\\/assets\\/tutorials\\/images\\/large\\/Let\'s_Encrypt_apache_tw_mostov.jpg?1468952215&quot;,&quot;width&quot;:750}\\\" data-trix-content-type=\\\"image\\\" data-trix-attributes=\\\"{&quot;caption&quot;:&quot;title&quot;}\\\" class=\\\"attachment attachment--preview\\\"><img src=\\\"https:\\/\\/community-cdn-digitalocean-com.global.ssl.fastly.net\\/assets\\/tutorials\\/images\\/large\\/Let\'s_Encrypt_apache_tw_mostov.jpg?1468952215\\\" width=\\\"750\\\" height=\\\"375\\\"><figcaption class=\\\"attachment__caption attachment__caption--edited\\\">title<\\/figcaption><\\/figure><\\/div><div>Le <strong>Lorem Ipsum<\\/strong> est simplement du faux texte employ\\u00e9 dans la composition et la mise en page avant impression. Le Lorem Ipsum est le faux texte standard de l\'imprimerie depuis les ann\\u00e9es 1500, quand un imprimeur anonyme assembla ensemble des morceaux de texte pour r\\u00e9aliser un livre sp\\u00e9cimen de polices de texte. Il n\'a pas fait que survivre cinq si\\u00e8cles, mais s\'est aussi adapt\\u00e9 \\u00e0 la bureautique informatique, sans que son contenu n\'en soit modifi\\u00e9. Il a \\u00e9t\\u00e9 popularis\\u00e9 dans les ann\\u00e9es 1960 gr\\u00e2ce \\u00e0 la vente de feuilles Letraset contenant des passages du Lorem Ipsum, et, plus r\\u00e9cemment, par son inclusion dans des applications de mise en page de texte, comme Aldus PageMaker.<br><br><\\/div><div>Le <strong>Lorem Ipsum<\\/strong> est simplement du faux texte employ\\u00e9 dans la composition et la mise en page avant impression. Le Lorem Ipsum est le faux texte standard de l\'imprimerie depuis les ann\\u00e9es 1500, quand un imprimeur anonyme assembla ensemble des morceaux de texte pour r\\u00e9aliser un livre sp\\u00e9cimen de polices de texte. Il n\'a pas fait que survivre cinq si\\u00e8cles, mais s\'est aussi adapt\\u00e9 \\u00e0 la bureautique informatique, sans que son contenu n\'en soit modifi\\u00e9. Il a \\u00e9t\\u00e9 popularis\\u00e9 dans les ann\\u00e9es 1960 gr\\u00e2ce \\u00e0 la vente de feuilles Letraset contenant des passages du Lorem Ipsum, et, plus r\\u00e9cemment, par son inclusion dans des applications de mise en page de texte, comme Aldus PageMaker.<br><br><\\/div><div><figure data-trix-attachment=\\\"{&quot;contentType&quot;:&quot;image&quot;,&quot;height&quot;:375,&quot;url&quot;:&quot;https:\\/\\/community-cdn-digitalocean-com.global.ssl.fastly.net\\/assets\\/tutorials\\/images\\/large\\/Let\'s_Encrypt_apache_tw_mostov.jpg?1468952215&quot;,&quot;width&quot;:750}\\\" data-trix-content-type=\\\"image\\\" data-trix-attributes=\\\"{&quot;caption&quot;:&quot;title2&quot;}\\\" class=\\\"attachment attachment--preview\\\"><img src=\\\"https:\\/\\/community-cdn-digitalocean-com.global.ssl.fastly.net\\/assets\\/tutorials\\/images\\/large\\/Let\'s_Encrypt_apache_tw_mostov.jpg?1468952215\\\" width=\\\"750\\\" height=\\\"375\\\"><figcaption class=\\\"attachment__caption attachment__caption--edited\\\">title2<\\/figcaption><\\/figure><br><br><\\/div><div>Le <strong>Lorem Ipsum<\\/strong> est simplement du faux texte employ\\u00e9 dans la composition et la mise en page avant impression. Le Lorem Ipsum est le faux texte standard de l\'imprimerie depuis les ann\\u00e9es 1500, quand un imprimeur anonyme assembla ensemble des morceaux de texte pour r\\u00e9aliser un livre sp\\u00e9cimen de polices de texte. Il n\'a pas fait que survivre cinq si\\u00e8cles, mais s\'est aussi adapt\\u00e9 \\u00e0 la bureautique informatique, sans que son contenu n\'en soit modifi\\u00e9. Il a \\u00e9t\\u00e9 popularis\\u00e9 dans les ann\\u00e9es 1960 gr\\u00e2ce \\u00e0 la vente de feuilles Letraset contenant des passages du Lorem Ipsum, et, plus r\\u00e9cemment, par son inclusion dans des applications de mise en page de texte, comme Aldus PageMaker.<br><br><\\/div><div><br><\\/div><div><br><\\/div><div><br><\\/div><div><br><\\/div>\"}'),
(29, '8ecb10c9-6e33-4db6-92d9-873fc0980976', 13, 'Update', 'App\\News', 21, 'App\\News', 21, 'App\\News', 21, '', 'finished', '', '2019-10-02 13:55:11', '2019-10-02 13:55:11', '{\"description\":\"<h1>Title:&nbsp;<\\/h1><div><figure data-trix-attachment=\\\"{&quot;contentType&quot;:&quot;image&quot;,&quot;height&quot;:375,&quot;url&quot;:&quot;https:\\/\\/community-cdn-digitalocean-com.global.ssl.fastly.net\\/assets\\/tutorials\\/images\\/large\\/Let\'s_Encrypt_apache_tw_mostov.jpg?1468952215&quot;,&quot;width&quot;:750}\\\" data-trix-content-type=\\\"image\\\" data-trix-attributes=\\\"{&quot;caption&quot;:&quot;title&quot;}\\\" class=\\\"attachment attachment--preview\\\"><img src=\\\"https:\\/\\/community-cdn-digitalocean-com.global.ssl.fastly.net\\/assets\\/tutorials\\/images\\/large\\/Let\'s_Encrypt_apache_tw_mostov.jpg?1468952215\\\" width=\\\"750\\\" height=\\\"375\\\"><figcaption class=\\\"attachment__caption attachment__caption--edited\\\">title<\\/figcaption><\\/figure><\\/div><div>Le <strong>Lorem Ipsum<\\/strong> est simplement du faux texte employ\\u00e9 dans la composition et la mise en page avant impression. Le Lorem Ipsum est le faux texte standard de l\'imprimerie depuis les ann\\u00e9es 1500, quand un imprimeur anonyme assembla ensemble des morceaux de texte pour r\\u00e9aliser un livre sp\\u00e9cimen de polices de texte. Il n\'a pas fait que survivre cinq si\\u00e8cles, mais s\'est aussi adapt\\u00e9 \\u00e0 la bureautique informatique, sans que son contenu n\'en soit modifi\\u00e9. Il a \\u00e9t\\u00e9 popularis\\u00e9 dans les ann\\u00e9es 1960 gr\\u00e2ce \\u00e0 la vente de feuilles Letraset contenant des passages du Lorem Ipsum, et, plus r\\u00e9cemment, par son inclusion dans des applications de mise en page de texte, comme Aldus PageMaker.<br><br><\\/div><div>Le <strong>Lorem Ipsum<\\/strong> est simplement du faux texte employ\\u00e9 dans la composition et la mise en page avant impression. Le Lorem Ipsum est le faux texte standard de l\'imprimerie depuis les ann\\u00e9es 1500, quand un imprimeur anonyme assembla ensemble des morceaux de texte pour r\\u00e9aliser un livre sp\\u00e9cimen de polices de texte. Il n\'a pas fait que survivre cinq si\\u00e8cles, mais s\'est aussi adapt\\u00e9 \\u00e0 la bureautique informatique, sans que son contenu n\'en soit modifi\\u00e9. Il a \\u00e9t\\u00e9 popularis\\u00e9 dans les ann\\u00e9es 1960 gr\\u00e2ce \\u00e0 la vente de feuilles Letraset contenant des passages du Lorem Ipsum, et, plus r\\u00e9cemment, par son inclusion dans des applications de mise en page de texte, comme Aldus PageMaker.<br><br><\\/div><div><figure data-trix-attachment=\\\"{&quot;contentType&quot;:&quot;image&quot;,&quot;height&quot;:375,&quot;url&quot;:&quot;https:\\/\\/community-cdn-digitalocean-com.global.ssl.fastly.net\\/assets\\/tutorials\\/images\\/large\\/Let\'s_Encrypt_apache_tw_mostov.jpg?1468952215&quot;,&quot;width&quot;:750}\\\" data-trix-content-type=\\\"image\\\" data-trix-attributes=\\\"{&quot;caption&quot;:&quot;title2&quot;}\\\" class=\\\"attachment attachment--preview\\\"><img src=\\\"https:\\/\\/community-cdn-digitalocean-com.global.ssl.fastly.net\\/assets\\/tutorials\\/images\\/large\\/Let\'s_Encrypt_apache_tw_mostov.jpg?1468952215\\\" width=\\\"750\\\" height=\\\"375\\\"><figcaption class=\\\"attachment__caption attachment__caption--edited\\\">title2<\\/figcaption><\\/figure><br><br><\\/div><div>Le <strong>Lorem Ipsum<\\/strong> est simplement du faux texte employ\\u00e9 dans la composition et la mise en page avant impression. Le Lorem Ipsum est le faux texte standard de l\'imprimerie depuis les ann\\u00e9es 1500, quand un imprimeur anonyme assembla ensemble des morceaux de texte pour r\\u00e9aliser un livre sp\\u00e9cimen de polices de texte. Il n\'a pas fait que survivre cinq si\\u00e8cles, mais s\'est aussi adapt\\u00e9 \\u00e0 la bureautique informatique, sans que son contenu n\'en soit modifi\\u00e9. Il a \\u00e9t\\u00e9 popularis\\u00e9 dans les ann\\u00e9es 1960 gr\\u00e2ce \\u00e0 la vente de feuilles Letraset contenant des passages du Lorem Ipsum, et, plus r\\u00e9cemment, par son inclusion dans des applications de mise en page de texte, comme Aldus PageMaker.<br><br><\\/div><div><br><\\/div><div><br><\\/div><div><br><\\/div><div><br><\\/div>\"}', '{\"description\":\"<h1>Title:&nbsp;<\\/h1><div><figure data-trix-attachment=\\\"{&quot;contentType&quot;:&quot;image&quot;,&quot;height&quot;:375,&quot;url&quot;:&quot;https:\\/\\/community-cdn-digitalocean-com.global.ssl.fastly.net\\/assets\\/tutorials\\/images\\/large\\/Let\'s_Encrypt_apache_tw_mostov.jpg?1468952215&quot;,&quot;width&quot;:750}\\\" data-trix-content-type=\\\"image\\\" data-trix-attributes=\\\"{&quot;caption&quot;:&quot;title&quot;}\\\" class=\\\"attachment attachment--preview\\\"><img src=\\\"https:\\/\\/community-cdn-digitalocean-com.global.ssl.fastly.net\\/assets\\/tutorials\\/images\\/large\\/Let\'s_Encrypt_apache_tw_mostov.jpg?1468952215\\\" width=\\\"750\\\" height=\\\"375\\\"><figcaption class=\\\"attachment__caption attachment__caption--edited\\\">title<\\/figcaption><\\/figure><\\/div><div>Le <strong>Lorem Ipsum<\\/strong> est simplement du faux texte employ\\u00e9 dans la composition et la mise en page avant impression. Le Lorem Ipsum est le faux texte standard de l\'imprimerie depuis les ann\\u00e9es 1500, quand un imprimeur anonyme assembla ensemble des morceaux de texte pour r\\u00e9aliser un livre sp\\u00e9cimen de polices de texte. Il n\'a pas fait que survivre cinq si\\u00e8cles, mais s\'est aussi adapt\\u00e9 \\u00e0 la bureautique informatique, sans que son contenu n\'en soit modifi\\u00e9. Il a \\u00e9t\\u00e9 popularis\\u00e9 dans les ann\\u00e9es 1960 gr\\u00e2ce \\u00e0 la vente de feuilles Letraset contenant des passages du Lorem Ipsum, et, plus r\\u00e9cemment, par son inclusion dans des applications de mise en page de texte, comme Aldus PageMaker.<br><br><\\/div><ul><li>Le <strong>Lorem Ipsum<\\/strong> est simplement du faux&nbsp;<\\/li><li>Le <strong>Lorem Ipsum<\\/strong> est simplement du faux&nbsp;<\\/li><li>Le <strong>Lorem Ipsum<\\/strong> est simplement du faux&nbsp;<\\/li><li>Le <strong>Lorem Ipsum<\\/strong> est simplement du faux&nbsp;<\\/li><\\/ul><div><br><\\/div><div><br><\\/div><div><figure data-trix-attachment=\\\"{&quot;contentType&quot;:&quot;image&quot;,&quot;height&quot;:375,&quot;url&quot;:&quot;https:\\/\\/community-cdn-digitalocean-com.global.ssl.fastly.net\\/assets\\/tutorials\\/images\\/large\\/Let\'s_Encrypt_apache_tw_mostov.jpg?1468952215&quot;,&quot;width&quot;:750}\\\" data-trix-content-type=\\\"image\\\" data-trix-attributes=\\\"{&quot;caption&quot;:&quot;title2&quot;}\\\" class=\\\"attachment attachment--preview\\\"><img src=\\\"https:\\/\\/community-cdn-digitalocean-com.global.ssl.fastly.net\\/assets\\/tutorials\\/images\\/large\\/Let\'s_Encrypt_apache_tw_mostov.jpg?1468952215\\\" width=\\\"750\\\" height=\\\"375\\\"><figcaption class=\\\"attachment__caption attachment__caption--edited\\\">title2<\\/figcaption><\\/figure><br><br><\\/div><div>Le <strong>Lorem Ipsum<\\/strong> est simplement du faux texte employ\\u00e9 dans la composition et la mise en page avant impression. Le Lorem Ipsum est le faux texte standard de l\'imprimerie depuis les ann\\u00e9es 1500, quand un imprimeur anonyme assembla ensemble des morceaux de texte pour r\\u00e9aliser un livre sp\\u00e9cimen de polices de texte. Il n\'a pas fait que survivre cinq si\\u00e8cles, mais s\'est aussi adapt\\u00e9 \\u00e0 la bureautique informatique, sans que son contenu n\'en soit modifi\\u00e9. Il a \\u00e9t\\u00e9 popularis\\u00e9 dans les ann\\u00e9es 1960 gr\\u00e2ce \\u00e0 la vente de feuilles Letraset contenant des passages du Lorem Ipsum, et, plus r\\u00e9cemment, par son inclusion dans des applications de mise en page de texte, comme Aldus PageMaker.<br><br><\\/div><div><br><\\/div><div><br><\\/div><div><br><\\/div><div><br><\\/div><div><br><\\/div>\"}'),
(30, '8ecb125b-bee1-4536-8e6b-ed63442fec34', 13, 'Update', 'App\\News', 21, 'App\\News', 21, 'App\\News', 21, '', 'finished', '', '2019-10-02 13:59:35', '2019-10-02 13:59:35', '{\"description\":\"<h1>Title:&nbsp;<\\/h1><div><figure data-trix-attachment=\\\"{&quot;contentType&quot;:&quot;image&quot;,&quot;height&quot;:375,&quot;url&quot;:&quot;https:\\/\\/community-cdn-digitalocean-com.global.ssl.fastly.net\\/assets\\/tutorials\\/images\\/large\\/Let\'s_Encrypt_apache_tw_mostov.jpg?1468952215&quot;,&quot;width&quot;:750}\\\" data-trix-content-type=\\\"image\\\" data-trix-attributes=\\\"{&quot;caption&quot;:&quot;title&quot;}\\\" class=\\\"attachment attachment--preview\\\"><img src=\\\"https:\\/\\/community-cdn-digitalocean-com.global.ssl.fastly.net\\/assets\\/tutorials\\/images\\/large\\/Let\'s_Encrypt_apache_tw_mostov.jpg?1468952215\\\" width=\\\"750\\\" height=\\\"375\\\"><figcaption class=\\\"attachment__caption attachment__caption--edited\\\">title<\\/figcaption><\\/figure><\\/div><div>Le <strong>Lorem Ipsum<\\/strong> est simplement du faux texte employ\\u00e9 dans la composition et la mise en page avant impression. Le Lorem Ipsum est le faux texte standard de l\'imprimerie depuis les ann\\u00e9es 1500, quand un imprimeur anonyme assembla ensemble des morceaux de texte pour r\\u00e9aliser un livre sp\\u00e9cimen de polices de texte. Il n\'a pas fait que survivre cinq si\\u00e8cles, mais s\'est aussi adapt\\u00e9 \\u00e0 la bureautique informatique, sans que son contenu n\'en soit modifi\\u00e9. Il a \\u00e9t\\u00e9 popularis\\u00e9 dans les ann\\u00e9es 1960 gr\\u00e2ce \\u00e0 la vente de feuilles Letraset contenant des passages du Lorem Ipsum, et, plus r\\u00e9cemment, par son inclusion dans des applications de mise en page de texte, comme Aldus PageMaker.<br><br><\\/div><ul><li>Le <strong>Lorem Ipsum<\\/strong> est simplement du faux&nbsp;<\\/li><li>Le <strong>Lorem Ipsum<\\/strong> est simplement du faux&nbsp;<\\/li><li>Le <strong>Lorem Ipsum<\\/strong> est simplement du faux&nbsp;<\\/li><li>Le <strong>Lorem Ipsum<\\/strong> est simplement du faux&nbsp;<\\/li><\\/ul><div><br><\\/div><div><br><\\/div><div><figure data-trix-attachment=\\\"{&quot;contentType&quot;:&quot;image&quot;,&quot;height&quot;:375,&quot;url&quot;:&quot;https:\\/\\/community-cdn-digitalocean-com.global.ssl.fastly.net\\/assets\\/tutorials\\/images\\/large\\/Let\'s_Encrypt_apache_tw_mostov.jpg?1468952215&quot;,&quot;width&quot;:750}\\\" data-trix-content-type=\\\"image\\\" data-trix-attributes=\\\"{&quot;caption&quot;:&quot;title2&quot;}\\\" class=\\\"attachment attachment--preview\\\"><img src=\\\"https:\\/\\/community-cdn-digitalocean-com.global.ssl.fastly.net\\/assets\\/tutorials\\/images\\/large\\/Let\'s_Encrypt_apache_tw_mostov.jpg?1468952215\\\" width=\\\"750\\\" height=\\\"375\\\"><figcaption class=\\\"attachment__caption attachment__caption--edited\\\">title2<\\/figcaption><\\/figure><br><br><\\/div><div>Le <strong>Lorem Ipsum<\\/strong> est simplement du faux texte employ\\u00e9 dans la composition et la mise en page avant impression. Le Lorem Ipsum est le faux texte standard de l\'imprimerie depuis les ann\\u00e9es 1500, quand un imprimeur anonyme assembla ensemble des morceaux de texte pour r\\u00e9aliser un livre sp\\u00e9cimen de polices de texte. Il n\'a pas fait que survivre cinq si\\u00e8cles, mais s\'est aussi adapt\\u00e9 \\u00e0 la bureautique informatique, sans que son contenu n\'en soit modifi\\u00e9. Il a \\u00e9t\\u00e9 popularis\\u00e9 dans les ann\\u00e9es 1960 gr\\u00e2ce \\u00e0 la vente de feuilles Letraset contenant des passages du Lorem Ipsum, et, plus r\\u00e9cemment, par son inclusion dans des applications de mise en page de texte, comme Aldus PageMaker.<br><br><\\/div><div><br><\\/div><div><br><\\/div><div><br><\\/div><div><br><\\/div><div><br><\\/div>\"}', '{\"description\":\"<h1>Title:&nbsp;<\\/h1><div><figure data-trix-attachment=\\\"{&quot;contentType&quot;:&quot;image&quot;,&quot;height&quot;:375,&quot;url&quot;:&quot;https:\\/\\/community-cdn-digitalocean-com.global.ssl.fastly.net\\/assets\\/tutorials\\/images\\/large\\/Let\'s_Encrypt_apache_tw_mostov.jpg?1468952215&quot;,&quot;width&quot;:750}\\\" data-trix-content-type=\\\"image\\\" data-trix-attributes=\\\"{&quot;caption&quot;:&quot;title&quot;}\\\" class=\\\"attachment attachment--preview\\\"><img src=\\\"https:\\/\\/community-cdn-digitalocean-com.global.ssl.fastly.net\\/assets\\/tutorials\\/images\\/large\\/Let\'s_Encrypt_apache_tw_mostov.jpg?1468952215\\\" width=\\\"750\\\" height=\\\"375\\\"><figcaption class=\\\"attachment__caption attachment__caption--edited\\\">title<\\/figcaption><\\/figure><\\/div><div>Le <strong>Lorem Ipsum<\\/strong> est simplement du faux texte employ\\u00e9 dans la composition et la mise en page avant impression. Le Lorem Ipsum est le faux texte standard de l\'imprimerie depuis les ann\\u00e9es 1500, quand un imprimeur anonyme assembla ensemble des morceaux de texte pour r\\u00e9aliser un livre sp\\u00e9cimen de polices de texte. Il n\'a pas fait que survivre cinq si\\u00e8cles, mais s\'est aussi adapt\\u00e9 \\u00e0 la bureautique informatique, sans que son contenu n\'en soit modifi\\u00e9. Il a \\u00e9t\\u00e9 popularis\\u00e9 dans les ann\\u00e9es 1960 gr\\u00e2ce \\u00e0 la vente de feuilles Letraset contenant des passages du Lorem Ipsum, et, plus r\\u00e9cemment, par son inclusion dans des applications de mise en page de texte, comme Aldus PageMaker.<br><br><\\/div><ol><li>Le <strong>Lorem Ipsum<\\/strong> est simplement du faux&nbsp;<\\/li><li>Le <strong>Lorem Ipsum<\\/strong> est simplement du faux&nbsp;<\\/li><li>Le <strong>Lorem Ipsum<\\/strong> est simplement du faux&nbsp;<\\/li><li>Le <strong>Lorem Ipsum<\\/strong> est simplement du faux<\\/li><\\/ol><div>&nbsp;<\\/div><ul><li>Le <strong>Lorem Ipsum<\\/strong> est simplement du faux&nbsp;<\\/li><li>Le <strong>Lorem Ipsum<\\/strong> est simplement du faux&nbsp;<\\/li><li>Le <strong>Lorem Ipsum<\\/strong> est simplement du faux&nbsp;<\\/li><li>Le <strong>Lorem Ipsum<\\/strong> est simplement du faux&nbsp;<\\/li><\\/ul><div><br><\\/div><div><br><\\/div><div><figure data-trix-attachment=\\\"{&quot;contentType&quot;:&quot;image&quot;,&quot;height&quot;:375,&quot;url&quot;:&quot;https:\\/\\/community-cdn-digitalocean-com.global.ssl.fastly.net\\/assets\\/tutorials\\/images\\/large\\/Let\'s_Encrypt_apache_tw_mostov.jpg?1468952215&quot;,&quot;width&quot;:750}\\\" data-trix-content-type=\\\"image\\\" data-trix-attributes=\\\"{&quot;caption&quot;:&quot;title2&quot;}\\\" class=\\\"attachment attachment--preview\\\"><img src=\\\"https:\\/\\/community-cdn-digitalocean-com.global.ssl.fastly.net\\/assets\\/tutorials\\/images\\/large\\/Let\'s_Encrypt_apache_tw_mostov.jpg?1468952215\\\" width=\\\"750\\\" height=\\\"375\\\"><figcaption class=\\\"attachment__caption attachment__caption--edited\\\">title2<\\/figcaption><\\/figure><br><br><\\/div><div>Le <strong>Lorem Ipsum<\\/strong> est simplement du faux texte employ\\u00e9 dans la composition et la mise en page avant impression. Le Lorem Ipsum est le faux texte standard de l\'imprimerie depuis les ann\\u00e9es 1500, quand un imprimeur anonyme assembla ensemble des morceaux de texte pour r\\u00e9aliser un livre sp\\u00e9cimen de polices de texte. Il n\'a pas fait que survivre cinq si\\u00e8cles, mais s\'est aussi adapt\\u00e9 \\u00e0 la bureautique informatique, sans que son contenu n\'en soit modifi\\u00e9. Il a \\u00e9t\\u00e9 popularis\\u00e9 dans les ann\\u00e9es 1960 gr\\u00e2ce \\u00e0 la vente de feuilles Letraset contenant des passages du Lorem Ipsum, et, plus r\\u00e9cemment, par son inclusion dans des applications de mise en page de texte, comme Aldus PageMaker.<br><br><\\/div><div><br><\\/div><div><br><\\/div><div><br><\\/div><div><br><\\/div><div><br><\\/div><div><br><\\/div>\"}'),
(31, '8ecb138b-f423-4efb-91f4-d4928862f911', 13, 'Delete', 'App\\News', 1, 'App\\News', 1, 'App\\News', 1, '', 'finished', '', '2019-10-02 14:02:54', '2019-10-02 14:02:54', NULL, NULL),
(32, '8ecb138b-f53d-4c92-ba5e-e88b7f150b27', 13, 'Delete', 'App\\News', 2, 'App\\News', 2, 'App\\News', 2, '', 'finished', '', '2019-10-02 14:02:54', '2019-10-02 14:02:54', NULL, NULL),
(33, '8ecb138b-f5c8-4dc0-8b27-b7c045adb37c', 13, 'Delete', 'App\\News', 3, 'App\\News', 3, 'App\\News', 3, '', 'finished', '', '2019-10-02 14:02:54', '2019-10-02 14:02:54', NULL, NULL),
(34, '8ecb138b-f648-42fe-a140-f9c69571e7a1', 13, 'Delete', 'App\\News', 4, 'App\\News', 4, 'App\\News', 4, '', 'finished', '', '2019-10-02 14:02:54', '2019-10-02 14:02:54', NULL, NULL),
(35, '8ecb138b-f6d6-47b6-b1fe-f76b515c2859', 13, 'Delete', 'App\\News', 5, 'App\\News', 5, 'App\\News', 5, '', 'finished', '', '2019-10-02 14:02:54', '2019-10-02 14:02:54', NULL, NULL),
(36, '8ecb138b-f76c-441f-bf01-a1be810ee2c1', 13, 'Delete', 'App\\News', 6, 'App\\News', 6, 'App\\News', 6, '', 'finished', '', '2019-10-02 14:02:54', '2019-10-02 14:02:54', NULL, NULL),
(37, '8ecb138b-f7de-4063-9a34-15ac2f1cc3cd', 13, 'Delete', 'App\\News', 7, 'App\\News', 7, 'App\\News', 7, '', 'finished', '', '2019-10-02 14:02:54', '2019-10-02 14:02:54', NULL, NULL),
(38, '8ecb138b-f855-46ad-a742-a01b23fcc959', 13, 'Delete', 'App\\News', 8, 'App\\News', 8, 'App\\News', 8, '', 'finished', '', '2019-10-02 14:02:54', '2019-10-02 14:02:54', NULL, NULL),
(39, '8ecb138b-f8c2-47dc-ba1f-6363776557cc', 13, 'Delete', 'App\\News', 9, 'App\\News', 9, 'App\\News', 9, '', 'finished', '', '2019-10-02 14:02:54', '2019-10-02 14:02:54', NULL, NULL),
(40, '8ecb138b-f929-412c-8d93-14e95e4b2b20', 13, 'Delete', 'App\\News', 10, 'App\\News', 10, 'App\\News', 10, '', 'finished', '', '2019-10-02 14:02:54', '2019-10-02 14:02:54', NULL, NULL),
(41, '8ecb138b-f98f-4335-a578-1a1b9c90b88b', 13, 'Delete', 'App\\News', 11, 'App\\News', 11, 'App\\News', 11, '', 'finished', '', '2019-10-02 14:02:54', '2019-10-02 14:02:54', NULL, NULL),
(42, '8ecb138b-f9f3-4685-87dc-de18ed17f433', 13, 'Delete', 'App\\News', 12, 'App\\News', 12, 'App\\News', 12, '', 'finished', '', '2019-10-02 14:02:54', '2019-10-02 14:02:54', NULL, NULL),
(43, '8ecb1405-a573-418c-812d-ef3a537ffed7', 13, 'Update', 'App\\Event', 16, 'App\\Event', 16, 'App\\Event', 16, '', 'finished', '', '2019-10-02 14:04:14', '2019-10-02 14:04:14', '{\"description\":\"Lorem Ipsum is simply dummy text of the printing and typesetting industry. Lorem Ipsum has been the industry\'s standard dummy text ever since the 1500s\"}', '{\"description\":\"<h1>Title:&nbsp;<\\/h1><div><figure data-trix-attachment=\\\"{&quot;contentType&quot;:&quot;image&quot;,&quot;height&quot;:375,&quot;url&quot;:&quot;https:\\/\\/community-cdn-digitalocean-com.global.ssl.fastly.net\\/assets\\/tutorials\\/images\\/large\\/Let\'s_Encrypt_apache_tw_mostov.jpg?1468952215&quot;,&quot;width&quot;:750}\\\" data-trix-content-type=\\\"image\\\" data-trix-attributes=\\\"{&quot;caption&quot;:&quot;title&quot;}\\\" class=\\\"attachment attachment--preview\\\"><img src=\\\"https:\\/\\/community-cdn-digitalocean-com.global.ssl.fastly.net\\/assets\\/tutorials\\/images\\/large\\/Let\'s_Encrypt_apache_tw_mostov.jpg?1468952215\\\" width=\\\"750\\\" height=\\\"375\\\"><figcaption class=\\\"attachment__caption attachment__caption--edited\\\">title<\\/figcaption><\\/figure><\\/div><div>Le <strong>Lorem Ipsum<\\/strong> est simplement du faux texte employ\\u00e9 dans la composition et la mise en page avant impression. Le Lorem Ipsum est le faux texte standard de l\'imprimerie depuis les ann\\u00e9es 1500, quand un imprimeur anonyme assembla ensemble des morceaux de texte pour r\\u00e9aliser un livre sp\\u00e9cimen de polices de texte. Il n\'a pas fait que survivre cinq si\\u00e8cles, mais s\'est aussi adapt\\u00e9 \\u00e0 la bureautique informatique, sans que son contenu n\'en soit modifi\\u00e9. Il a \\u00e9t\\u00e9 popularis\\u00e9 dans les ann\\u00e9es 1960 gr\\u00e2ce \\u00e0 la vente de feuilles Letraset contenant des passages du Lorem Ipsum, et, plus r\\u00e9cemment, par son inclusion dans des applications de mise en page de texte, comme Aldus PageMaker.<br><br><\\/div><ol><li>Le <strong>Lorem Ipsum<\\/strong> est simplement du faux&nbsp;<\\/li><li>Le <strong>Lorem Ipsum<\\/strong> est simplement du faux&nbsp;<\\/li><li>Le <strong>Lorem Ipsum<\\/strong> est simplement du faux&nbsp;<\\/li><li>Le <strong>Lorem Ipsum<\\/strong> est simplement du faux<\\/li><\\/ol><div>&nbsp;<\\/div><ul><li>Le <strong>Lorem Ipsum<\\/strong> est simplement du faux&nbsp;<\\/li><li>Le <strong>Lorem Ipsum<\\/strong> est simplement du faux&nbsp;<\\/li><li>Le <strong>Lorem Ipsum<\\/strong> est simplement du faux&nbsp;<\\/li><li>Le <strong>Lorem Ipsum<\\/strong> est simplement du faux&nbsp;<\\/li><\\/ul><div><br><\\/div><div><br><\\/div><div><figure data-trix-attachment=\\\"{&quot;contentType&quot;:&quot;image&quot;,&quot;height&quot;:375,&quot;url&quot;:&quot;https:\\/\\/community-cdn-digitalocean-com.global.ssl.fastly.net\\/assets\\/tutorials\\/images\\/large\\/Let\'s_Encrypt_apache_tw_mostov.jpg?1468952215&quot;,&quot;width&quot;:750}\\\" data-trix-content-type=\\\"image\\\" data-trix-attributes=\\\"{&quot;caption&quot;:&quot;title2&quot;}\\\" class=\\\"attachment attachment--preview\\\"><img src=\\\"https:\\/\\/community-cdn-digitalocean-com.global.ssl.fastly.net\\/assets\\/tutorials\\/images\\/large\\/Let\'s_Encrypt_apache_tw_mostov.jpg?1468952215\\\" width=\\\"750\\\" height=\\\"375\\\"><figcaption class=\\\"attachment__caption attachment__caption--edited\\\">title2<\\/figcaption><\\/figure><br><br><\\/div><div>Le <strong>Lorem Ipsum<\\/strong> est simplement du faux texte employ\\u00e9 dans la composition et la mise en page avant impression. Le Lorem Ipsum est le faux texte standard de l\'imprimerie depuis les ann\\u00e9es 1500, quand un imprimeur anonyme assembla ensemble des morceaux de texte pour r\\u00e9aliser un livre sp\\u00e9cimen de polices de texte. Il n\'a pas fait que survivre cinq si\\u00e8cles, mais s\'est aussi adapt\\u00e9 \\u00e0 la bureautique informatique, sans que son contenu n\'en soit modifi\\u00e9. Il a \\u00e9t\\u00e9 popularis\\u00e9 dans les ann\\u00e9es 1960 gr\\u00e2ce \\u00e0 la vente de feuilles Letraset contenant des passages du Lorem Ipsum, et, plus r\\u00e9cemment, par son inclusion dans des applications de mise en page de texte, comme Aldus PageMaker.<br><br><\\/div><div><br><\\/div><div><br><\\/div><div><br><\\/div><div><br><\\/div><div><br><\\/div><div><br><\\/div><div><br><\\/div>\"}'),
(44, '8ecb1442-f8f6-46a9-a9c5-54b48c06653d', 13, 'Update', 'App\\Event', 16, 'App\\Event', 16, 'App\\Event', 16, '', 'finished', '', '2019-10-02 14:04:54', '2019-10-02 14:04:54', '{\"title\":\"Last event\",\"description\":\"<h1>Title:&nbsp;<\\/h1><div><figure data-trix-attachment=\\\"{&quot;contentType&quot;:&quot;image&quot;,&quot;height&quot;:375,&quot;url&quot;:&quot;https:\\/\\/community-cdn-digitalocean-com.global.ssl.fastly.net\\/assets\\/tutorials\\/images\\/large\\/Let\'s_Encrypt_apache_tw_mostov.jpg?1468952215&quot;,&quot;width&quot;:750}\\\" data-trix-content-type=\\\"image\\\" data-trix-attributes=\\\"{&quot;caption&quot;:&quot;title&quot;}\\\" class=\\\"attachment attachment--preview\\\"><img src=\\\"https:\\/\\/community-cdn-digitalocean-com.global.ssl.fastly.net\\/assets\\/tutorials\\/images\\/large\\/Let\'s_Encrypt_apache_tw_mostov.jpg?1468952215\\\" width=\\\"750\\\" height=\\\"375\\\"><figcaption class=\\\"attachment__caption attachment__caption--edited\\\">title<\\/figcaption><\\/figure><\\/div><div>Le <strong>Lorem Ipsum<\\/strong> est simplement du faux texte employ\\u00e9 dans la composition et la mise en page avant impression. Le Lorem Ipsum est le faux texte standard de l\'imprimerie depuis les ann\\u00e9es 1500, quand un imprimeur anonyme assembla ensemble des morceaux de texte pour r\\u00e9aliser un livre sp\\u00e9cimen de polices de texte. Il n\'a pas fait que survivre cinq si\\u00e8cles, mais s\'est aussi adapt\\u00e9 \\u00e0 la bureautique informatique, sans que son contenu n\'en soit modifi\\u00e9. Il a \\u00e9t\\u00e9 popularis\\u00e9 dans les ann\\u00e9es 1960 gr\\u00e2ce \\u00e0 la vente de feuilles Letraset contenant des passages du Lorem Ipsum, et, plus r\\u00e9cemment, par son inclusion dans des applications de mise en page de texte, comme Aldus PageMaker.<br><br><\\/div><ol><li>Le <strong>Lorem Ipsum<\\/strong> est simplement du faux&nbsp;<\\/li><li>Le <strong>Lorem Ipsum<\\/strong> est simplement du faux&nbsp;<\\/li><li>Le <strong>Lorem Ipsum<\\/strong> est simplement du faux&nbsp;<\\/li><li>Le <strong>Lorem Ipsum<\\/strong> est simplement du faux<\\/li><\\/ol><div>&nbsp;<\\/div><ul><li>Le <strong>Lorem Ipsum<\\/strong> est simplement du faux&nbsp;<\\/li><li>Le <strong>Lorem Ipsum<\\/strong> est simplement du faux&nbsp;<\\/li><li>Le <strong>Lorem Ipsum<\\/strong> est simplement du faux&nbsp;<\\/li><li>Le <strong>Lorem Ipsum<\\/strong> est simplement du faux&nbsp;<\\/li><\\/ul><div><br><\\/div><div><br><\\/div><div><figure data-trix-attachment=\\\"{&quot;contentType&quot;:&quot;image&quot;,&quot;height&quot;:375,&quot;url&quot;:&quot;https:\\/\\/community-cdn-digitalocean-com.global.ssl.fastly.net\\/assets\\/tutorials\\/images\\/large\\/Let\'s_Encrypt_apache_tw_mostov.jpg?1468952215&quot;,&quot;width&quot;:750}\\\" data-trix-content-type=\\\"image\\\" data-trix-attributes=\\\"{&quot;caption&quot;:&quot;title2&quot;}\\\" class=\\\"attachment attachment--preview\\\"><img src=\\\"https:\\/\\/community-cdn-digitalocean-com.global.ssl.fastly.net\\/assets\\/tutorials\\/images\\/large\\/Let\'s_Encrypt_apache_tw_mostov.jpg?1468952215\\\" width=\\\"750\\\" height=\\\"375\\\"><figcaption class=\\\"attachment__caption attachment__caption--edited\\\">title2<\\/figcaption><\\/figure><br><br><\\/div><div>Le <strong>Lorem Ipsum<\\/strong> est simplement du faux texte employ\\u00e9 dans la composition et la mise en page avant impression. Le Lorem Ipsum est le faux texte standard de l\'imprimerie depuis les ann\\u00e9es 1500, quand un imprimeur anonyme assembla ensemble des morceaux de texte pour r\\u00e9aliser un livre sp\\u00e9cimen de polices de texte. Il n\'a pas fait que survivre cinq si\\u00e8cles, mais s\'est aussi adapt\\u00e9 \\u00e0 la bureautique informatique, sans que son contenu n\'en soit modifi\\u00e9. Il a \\u00e9t\\u00e9 popularis\\u00e9 dans les ann\\u00e9es 1960 gr\\u00e2ce \\u00e0 la vente de feuilles Letraset contenant des passages du Lorem Ipsum, et, plus r\\u00e9cemment, par son inclusion dans des applications de mise en page de texte, comme Aldus PageMaker.<br><br><\\/div><div><br><\\/div><div><br><\\/div><div><br><\\/div><div><br><\\/div><div><br><\\/div><div><br><\\/div><div><br><\\/div>\"}', '{\"title\":\"E5r event\",\"description\":\"<h1>Title:&nbsp;<\\/h1><div><figure data-trix-attachment=\\\"{&quot;contentType&quot;:&quot;image&quot;,&quot;height&quot;:375,&quot;url&quot;:&quot;https:\\/\\/community-cdn-digitalocean-com.global.ssl.fastly.net\\/assets\\/tutorials\\/images\\/large\\/Let\'s_Encrypt_apache_tw_mostov.jpg?1468952215&quot;,&quot;width&quot;:750}\\\" data-trix-content-type=\\\"image\\\" data-trix-attributes=\\\"{&quot;caption&quot;:&quot;title&quot;}\\\" class=\\\"attachment attachment--preview\\\"><img src=\\\"https:\\/\\/community-cdn-digitalocean-com.global.ssl.fastly.net\\/assets\\/tutorials\\/images\\/large\\/Let\'s_Encrypt_apache_tw_mostov.jpg?1468952215\\\" width=\\\"750\\\" height=\\\"375\\\"><figcaption class=\\\"attachment__caption attachment__caption--edited\\\">title<\\/figcaption><\\/figure><\\/div><div>Le <strong>Lorem Ipsum<\\/strong> est simplement du faux texte employ\\u00e9 dans la composition et la mise en page avant impression. Le Lorem Ipsum est le faux texte standard de l\'imprimerie depuis les ann\\u00e9es 1500, quand un imprimeur anonyme assembla ensemble des morceaux de texte pour r\\u00e9aliser un livre sp\\u00e9cimen de polices de texte. Il n\'a pas fait que survivre cinq si\\u00e8cles, mais s\'est aussi adapt\\u00e9 \\u00e0 la bureautique informatique, sans que son contenu n\'en soit modifi\\u00e9. Il a \\u00e9t\\u00e9 popularis\\u00e9 dans les ann\\u00e9es 1960 gr\\u00e2ce \\u00e0 la vente de feuilles Letraset contenant des passages du Lorem Ipsum, et, plus r\\u00e9cemment, par son inclusion dans des applications de mise en page de texte, comme Aldus PageMaker.<br><br><\\/div><ol><li>Le <strong>Lorem Ipsum<\\/strong> est simplement du faux&nbsp;<\\/li><li>Le <strong>Lorem Ipsum<\\/strong> est simplement du faux&nbsp;<\\/li><li>Le <strong>Lorem Ipsum<\\/strong> est simplement du faux&nbsp;<\\/li><li>Le <strong>Lorem Ipsum<\\/strong> est simplement du faux<\\/li><\\/ol><div>&nbsp;<\\/div><ul><li>Le <strong>Lorem Ipsum<\\/strong> est simplement du faux&nbsp;<\\/li><li>Le <strong>Lorem Ipsum<\\/strong> est simplement du faux&nbsp;<\\/li><li>Le <strong>Lorem Ipsum<\\/strong> est simplement du faux&nbsp;<\\/li><li>Le <strong>Lorem Ipsum<\\/strong> est simplement du faux&nbsp;<\\/li><\\/ul><div><br><\\/div><div><br><\\/div><div><figure data-trix-attachment=\\\"{&quot;contentType&quot;:&quot;image&quot;,&quot;height&quot;:375,&quot;url&quot;:&quot;https:\\/\\/community-cdn-digitalocean-com.global.ssl.fastly.net\\/assets\\/tutorials\\/images\\/large\\/Let\'s_Encrypt_apache_tw_mostov.jpg?1468952215&quot;,&quot;width&quot;:750}\\\" data-trix-content-type=\\\"image\\\" data-trix-attributes=\\\"{&quot;caption&quot;:&quot;title2&quot;}\\\" class=\\\"attachment attachment--preview\\\"><img src=\\\"https:\\/\\/community-cdn-digitalocean-com.global.ssl.fastly.net\\/assets\\/tutorials\\/images\\/large\\/Let\'s_Encrypt_apache_tw_mostov.jpg?1468952215\\\" width=\\\"750\\\" height=\\\"375\\\"><figcaption class=\\\"attachment__caption attachment__caption--edited\\\">title2<\\/figcaption><\\/figure><br><br><\\/div><div>Le <strong>Lorem Ipsum<\\/strong> est simplement du faux texte employ\\u00e9 dans la composition et la mise en page avant impression. Le Lorem Ipsum est le faux texte standard de l\'imprimerie depuis les ann\\u00e9es 1500, quand un imprimeur anonyme assembla ensemble des morceaux de texte pour r\\u00e9aliser un livre sp\\u00e9cimen de polices de texte. Il n\'a pas fait que survivre cinq si\\u00e8cles, mais s\'est aussi adapt\\u00e9 \\u00e0 la bureautique informatique, sans que son contenu n\'en soit modifi\\u00e9. Il a \\u00e9t\\u00e9 popularis\\u00e9 dans les ann\\u00e9es 1960 gr\\u00e2ce \\u00e0 la vente de feuilles Letraset contenant des passages du Lorem Ipsum, et, plus r\\u00e9cemment, par son inclusion dans des applications de mise en page de texte, comme Aldus PageMaker.<br><br><\\/div><div><br><\\/div><div><br><\\/div><div><br><\\/div><div><br><\\/div><div><br><\\/div><div><br><\\/div><div><br><\\/div><div><br><\\/div>\"}'),
(45, '8ecb14ca-b277-4e9a-b671-f0cc8a2cd6bf', 13, 'Update', 'App\\Event', 16, 'App\\Event', 16, 'App\\Event', 16, '', 'finished', '', '2019-10-02 14:06:23', '2019-10-02 14:06:23', '{\"description\":\"<h1>Title:&nbsp;<\\/h1><div><figure data-trix-attachment=\\\"{&quot;contentType&quot;:&quot;image&quot;,&quot;height&quot;:375,&quot;url&quot;:&quot;https:\\/\\/community-cdn-digitalocean-com.global.ssl.fastly.net\\/assets\\/tutorials\\/images\\/large\\/Let\'s_Encrypt_apache_tw_mostov.jpg?1468952215&quot;,&quot;width&quot;:750}\\\" data-trix-content-type=\\\"image\\\" data-trix-attributes=\\\"{&quot;caption&quot;:&quot;title&quot;}\\\" class=\\\"attachment attachment--preview\\\"><img src=\\\"https:\\/\\/community-cdn-digitalocean-com.global.ssl.fastly.net\\/assets\\/tutorials\\/images\\/large\\/Let\'s_Encrypt_apache_tw_mostov.jpg?1468952215\\\" width=\\\"750\\\" height=\\\"375\\\"><figcaption class=\\\"attachment__caption attachment__caption--edited\\\">title<\\/figcaption><\\/figure><\\/div><div>Le <strong>Lorem Ipsum<\\/strong> est simplement du faux texte employ\\u00e9 dans la composition et la mise en page avant impression. Le Lorem Ipsum est le faux texte standard de l\'imprimerie depuis les ann\\u00e9es 1500, quand un imprimeur anonyme assembla ensemble des morceaux de texte pour r\\u00e9aliser un livre sp\\u00e9cimen de polices de texte. Il n\'a pas fait que survivre cinq si\\u00e8cles, mais s\'est aussi adapt\\u00e9 \\u00e0 la bureautique informatique, sans que son contenu n\'en soit modifi\\u00e9. Il a \\u00e9t\\u00e9 popularis\\u00e9 dans les ann\\u00e9es 1960 gr\\u00e2ce \\u00e0 la vente de feuilles Letraset contenant des passages du Lorem Ipsum, et, plus r\\u00e9cemment, par son inclusion dans des applications de mise en page de texte, comme Aldus PageMaker.<br><br><\\/div><ol><li>Le <strong>Lorem Ipsum<\\/strong> est simplement du faux&nbsp;<\\/li><li>Le <strong>Lorem Ipsum<\\/strong> est simplement du faux&nbsp;<\\/li><li>Le <strong>Lorem Ipsum<\\/strong> est simplement du faux&nbsp;<\\/li><li>Le <strong>Lorem Ipsum<\\/strong> est simplement du faux<\\/li><\\/ol><div>&nbsp;<\\/div><ul><li>Le <strong>Lorem Ipsum<\\/strong> est simplement du faux&nbsp;<\\/li><li>Le <strong>Lorem Ipsum<\\/strong> est simplement du faux&nbsp;<\\/li><li>Le <strong>Lorem Ipsum<\\/strong> est simplement du faux&nbsp;<\\/li><li>Le <strong>Lorem Ipsum<\\/strong> est simplement du faux&nbsp;<\\/li><\\/ul><div><br><\\/div><div><br><\\/div><div><figure data-trix-attachment=\\\"{&quot;contentType&quot;:&quot;image&quot;,&quot;height&quot;:375,&quot;url&quot;:&quot;https:\\/\\/community-cdn-digitalocean-com.global.ssl.fastly.net\\/assets\\/tutorials\\/images\\/large\\/Let\'s_Encrypt_apache_tw_mostov.jpg?1468952215&quot;,&quot;width&quot;:750}\\\" data-trix-content-type=\\\"image\\\" data-trix-attributes=\\\"{&quot;caption&quot;:&quot;title2&quot;}\\\" class=\\\"attachment attachment--preview\\\"><img src=\\\"https:\\/\\/community-cdn-digitalocean-com.global.ssl.fastly.net\\/assets\\/tutorials\\/images\\/large\\/Let\'s_Encrypt_apache_tw_mostov.jpg?1468952215\\\" width=\\\"750\\\" height=\\\"375\\\"><figcaption class=\\\"attachment__caption attachment__caption--edited\\\">title2<\\/figcaption><\\/figure><br><br><\\/div><div>Le <strong>Lorem Ipsum<\\/strong> est simplement du faux texte employ\\u00e9 dans la composition et la mise en page avant impression. Le Lorem Ipsum est le faux texte standard de l\'imprimerie depuis les ann\\u00e9es 1500, quand un imprimeur anonyme assembla ensemble des morceaux de texte pour r\\u00e9aliser un livre sp\\u00e9cimen de polices de texte. Il n\'a pas fait que survivre cinq si\\u00e8cles, mais s\'est aussi adapt\\u00e9 \\u00e0 la bureautique informatique, sans que son contenu n\'en soit modifi\\u00e9. Il a \\u00e9t\\u00e9 popularis\\u00e9 dans les ann\\u00e9es 1960 gr\\u00e2ce \\u00e0 la vente de feuilles Letraset contenant des passages du Lorem Ipsum, et, plus r\\u00e9cemment, par son inclusion dans des applications de mise en page de texte, comme Aldus PageMaker.<br><br><\\/div><div><br><\\/div><div><br><\\/div><div><br><\\/div><div><br><\\/div><div><br><\\/div><div><br><\\/div><div><br><\\/div><div><br><\\/div>\"}', '{\"description\":\"<h1>Title:&nbsp;<\\/h1><div><figure data-trix-attachment=\\\"{&quot;contentType&quot;:&quot;image&quot;,&quot;height&quot;:375,&quot;url&quot;:&quot;https:\\/\\/community-cdn-digitalocean-com.global.ssl.fastly.net\\/assets\\/tutorials\\/images\\/large\\/Let\'s_Encrypt_apache_tw_mostov.jpg?1468952215&quot;,&quot;width&quot;:750}\\\" data-trix-content-type=\\\"image\\\" data-trix-attributes=\\\"{&quot;caption&quot;:&quot;title&quot;}\\\" class=\\\"attachment attachment--preview\\\"><img src=\\\"https:\\/\\/community-cdn-digitalocean-com.global.ssl.fastly.net\\/assets\\/tutorials\\/images\\/large\\/Let\'s_Encrypt_apache_tw_mostov.jpg?1468952215\\\" width=\\\"750\\\" height=\\\"375\\\"><figcaption class=\\\"attachment__caption attachment__caption--edited\\\">title<\\/figcaption><\\/figure><\\/div><div>Le <strong>Lorem Ipsum<\\/strong> est simplement du faux texte employ\\u00e9 dans la composition et la mise en page avant impression. Le Lorem Ipsum est le faux texte standard de l\'imprimerie depuis les ann\\u00e9es 1500, quand un imprimeur anonyme assembla ensemble des morceaux de texte pour r\\u00e9aliser un livre sp\\u00e9cimen de polices de texte. Il n\'a pas fait que survivre cinq si\\u00e8cles, mais s\'est aussi adapt\\u00e9 \\u00e0 la bureautique informatique, sans que son contenu n\'en soit modifi\\u00e9. Il a \\u00e9t\\u00e9 popularis\\u00e9 dans les ann\\u00e9es 1960 gr\\u00e2ce \\u00e0 la vente de feuilles Letraset contenant des passages du Lorem Ipsum, et, plus r\\u00e9cemment, par son inclusion dans des applications de mise en page de texte, comme Aldus PageMaker.<br><br><\\/div><ol><li>Le <strong>Lorem Ipsum<\\/strong> est simplement du faux&nbsp;<\\/li><li>Le <strong>Lorem Ipsum<\\/strong> est simplement du faux&nbsp;<\\/li><li>Le <strong>Lorem Ipsum<\\/strong> est simplement du faux&nbsp;<\\/li><li>Le <strong>Lorem Ipsum<\\/strong> est simplement du faux<\\/li><\\/ol><div>&nbsp;<\\/div><ul><li>Le <strong>Lorem Ipsum<\\/strong> est simplement du faux&nbsp;<\\/li><li>Le <strong>Lorem Ipsum<\\/strong> est simplement du faux&nbsp;<\\/li><li>Le <strong>Lorem Ipsum<\\/strong> est simplement du faux&nbsp;<\\/li><li>Le <strong>Lorem Ipsum<\\/strong> est simplement du faux&nbsp;<\\/li><\\/ul><div><br><\\/div><div><br><\\/div><div><figure data-trix-attachment=\\\"{&quot;contentType&quot;:&quot;image&quot;,&quot;height&quot;:375,&quot;url&quot;:&quot;https:\\/\\/community-cdn-digitalocean-com.global.ssl.fastly.net\\/assets\\/tutorials\\/images\\/large\\/Let\'s_Encrypt_apache_tw_mostov.jpg?1468952215&quot;,&quot;width&quot;:750}\\\" data-trix-content-type=\\\"image\\\" data-trix-attributes=\\\"{&quot;caption&quot;:&quot;title2&quot;}\\\" class=\\\"attachment attachment--preview\\\"><img src=\\\"https:\\/\\/community-cdn-digitalocean-com.global.ssl.fastly.net\\/assets\\/tutorials\\/images\\/large\\/Let\'s_Encrypt_apache_tw_mostov.jpg?1468952215\\\" width=\\\"750\\\" height=\\\"375\\\"><figcaption class=\\\"attachment__caption attachment__caption--edited\\\">title2<\\/figcaption><\\/figure><br><br><\\/div><div>Le <strong>Lorem Ipsum<\\/strong> est simplement du faux texte employ\\u00e9 dans la composition et la mise en page avant impression. Le Lorem Ipsum est le faux texte standard de l\'imprimerie depuis les ann\\u00e9es 1500, quand un imprimeur anonyme assembla ensemble des morceaux de texte pour r\\u00e9aliser un livre sp\\u00e9cimen de polices de texte. Il n\'a pas fait que survivre cinq si\\u00e8cles, mais s\'est aussi adapt\\u00e9 \\u00e0 la bureautique informatique, sans que son contenu n\'en soit modifi\\u00e9. Il a \\u00e9t\\u00e9 popularis\\u00e9 dans les ann\\u00e9es 1960 gr\\u00e2ce \\u00e0 la vente de feuilles Letraset contenant des passages du Lorem Ipsum, et, plus r\\u00e9cemment, par son inclusion dans des applications de mise en page de texte, comme Aldus PageMaker.<\\/div><div><br><\\/div>\"}');
INSERT INTO `action_events` (`id`, `batch_id`, `user_id`, `name`, `actionable_type`, `actionable_id`, `target_type`, `target_id`, `model_type`, `model_id`, `fields`, `status`, `exception`, `created_at`, `updated_at`, `original`, `changes`) VALUES
(46, '8ecb14f7-9d02-4e58-b8f9-b1588856e563', 13, 'Update', 'App\\Event', 16, 'App\\Event', 16, 'App\\Event', 16, '', 'finished', '', '2019-10-02 14:06:52', '2019-10-02 14:06:52', '{\"description\":\"<h1>Title:&nbsp;<\\/h1><div><figure data-trix-attachment=\\\"{&quot;contentType&quot;:&quot;image&quot;,&quot;height&quot;:375,&quot;url&quot;:&quot;https:\\/\\/community-cdn-digitalocean-com.global.ssl.fastly.net\\/assets\\/tutorials\\/images\\/large\\/Let\'s_Encrypt_apache_tw_mostov.jpg?1468952215&quot;,&quot;width&quot;:750}\\\" data-trix-content-type=\\\"image\\\" data-trix-attributes=\\\"{&quot;caption&quot;:&quot;title&quot;}\\\" class=\\\"attachment attachment--preview\\\"><img src=\\\"https:\\/\\/community-cdn-digitalocean-com.global.ssl.fastly.net\\/assets\\/tutorials\\/images\\/large\\/Let\'s_Encrypt_apache_tw_mostov.jpg?1468952215\\\" width=\\\"750\\\" height=\\\"375\\\"><figcaption class=\\\"attachment__caption attachment__caption--edited\\\">title<\\/figcaption><\\/figure><\\/div><div>Le <strong>Lorem Ipsum<\\/strong> est simplement du faux texte employ\\u00e9 dans la composition et la mise en page avant impression. Le Lorem Ipsum est le faux texte standard de l\'imprimerie depuis les ann\\u00e9es 1500, quand un imprimeur anonyme assembla ensemble des morceaux de texte pour r\\u00e9aliser un livre sp\\u00e9cimen de polices de texte. Il n\'a pas fait que survivre cinq si\\u00e8cles, mais s\'est aussi adapt\\u00e9 \\u00e0 la bureautique informatique, sans que son contenu n\'en soit modifi\\u00e9. Il a \\u00e9t\\u00e9 popularis\\u00e9 dans les ann\\u00e9es 1960 gr\\u00e2ce \\u00e0 la vente de feuilles Letraset contenant des passages du Lorem Ipsum, et, plus r\\u00e9cemment, par son inclusion dans des applications de mise en page de texte, comme Aldus PageMaker.<br><br><\\/div><ol><li>Le <strong>Lorem Ipsum<\\/strong> est simplement du faux&nbsp;<\\/li><li>Le <strong>Lorem Ipsum<\\/strong> est simplement du faux&nbsp;<\\/li><li>Le <strong>Lorem Ipsum<\\/strong> est simplement du faux&nbsp;<\\/li><li>Le <strong>Lorem Ipsum<\\/strong> est simplement du faux<\\/li><\\/ol><div>&nbsp;<\\/div><ul><li>Le <strong>Lorem Ipsum<\\/strong> est simplement du faux&nbsp;<\\/li><li>Le <strong>Lorem Ipsum<\\/strong> est simplement du faux&nbsp;<\\/li><li>Le <strong>Lorem Ipsum<\\/strong> est simplement du faux&nbsp;<\\/li><li>Le <strong>Lorem Ipsum<\\/strong> est simplement du faux&nbsp;<\\/li><\\/ul><div><br><\\/div><div><br><\\/div><div><figure data-trix-attachment=\\\"{&quot;contentType&quot;:&quot;image&quot;,&quot;height&quot;:375,&quot;url&quot;:&quot;https:\\/\\/community-cdn-digitalocean-com.global.ssl.fastly.net\\/assets\\/tutorials\\/images\\/large\\/Let\'s_Encrypt_apache_tw_mostov.jpg?1468952215&quot;,&quot;width&quot;:750}\\\" data-trix-content-type=\\\"image\\\" data-trix-attributes=\\\"{&quot;caption&quot;:&quot;title2&quot;}\\\" class=\\\"attachment attachment--preview\\\"><img src=\\\"https:\\/\\/community-cdn-digitalocean-com.global.ssl.fastly.net\\/assets\\/tutorials\\/images\\/large\\/Let\'s_Encrypt_apache_tw_mostov.jpg?1468952215\\\" width=\\\"750\\\" height=\\\"375\\\"><figcaption class=\\\"attachment__caption attachment__caption--edited\\\">title2<\\/figcaption><\\/figure><br><br><\\/div><div>Le <strong>Lorem Ipsum<\\/strong> est simplement du faux texte employ\\u00e9 dans la composition et la mise en page avant impression. Le Lorem Ipsum est le faux texte standard de l\'imprimerie depuis les ann\\u00e9es 1500, quand un imprimeur anonyme assembla ensemble des morceaux de texte pour r\\u00e9aliser un livre sp\\u00e9cimen de polices de texte. Il n\'a pas fait que survivre cinq si\\u00e8cles, mais s\'est aussi adapt\\u00e9 \\u00e0 la bureautique informatique, sans que son contenu n\'en soit modifi\\u00e9. Il a \\u00e9t\\u00e9 popularis\\u00e9 dans les ann\\u00e9es 1960 gr\\u00e2ce \\u00e0 la vente de feuilles Letraset contenant des passages du Lorem Ipsum, et, plus r\\u00e9cemment, par son inclusion dans des applications de mise en page de texte, comme Aldus PageMaker.<\\/div><div><br><\\/div>\"}', '{\"description\":\"<h1>Awsome event is coming:&nbsp;<\\/h1><div><figure data-trix-attachment=\\\"{&quot;contentType&quot;:&quot;image&quot;,&quot;height&quot;:375,&quot;url&quot;:&quot;https:\\/\\/community-cdn-digitalocean-com.global.ssl.fastly.net\\/assets\\/tutorials\\/images\\/large\\/Let\'s_Encrypt_apache_tw_mostov.jpg?1468952215&quot;,&quot;width&quot;:750}\\\" data-trix-content-type=\\\"image\\\" data-trix-attributes=\\\"{&quot;caption&quot;:&quot;title&quot;}\\\" class=\\\"attachment attachment--preview\\\"><img src=\\\"https:\\/\\/community-cdn-digitalocean-com.global.ssl.fastly.net\\/assets\\/tutorials\\/images\\/large\\/Let\'s_Encrypt_apache_tw_mostov.jpg?1468952215\\\" width=\\\"750\\\" height=\\\"375\\\"><figcaption class=\\\"attachment__caption attachment__caption--edited\\\">title<\\/figcaption><\\/figure><\\/div><div>Le <strong>Lorem Ipsum<\\/strong> est simplement du faux texte employ\\u00e9 dans la composition et la mise en page avant impression. Le Lorem Ipsum est le faux texte standard de l\'imprimerie depuis les ann\\u00e9es 1500, quand un imprimeur anonyme assembla ensemble des morceaux de texte pour r\\u00e9aliser un livre sp\\u00e9cimen de polices de texte. Il n\'a pas fait que survivre cinq si\\u00e8cles, mais s\'est aussi adapt\\u00e9 \\u00e0 la bureautique informatique, sans que son contenu n\'en soit modifi\\u00e9. Il a \\u00e9t\\u00e9 popularis\\u00e9 dans les ann\\u00e9es 1960 gr\\u00e2ce \\u00e0 la vente de feuilles Letraset contenant des passages du Lorem Ipsum, et, plus r\\u00e9cemment, par son inclusion dans des applications de mise en page de texte, comme Aldus PageMaker.<br><br><\\/div><ol><li>Le <strong>Lorem Ipsum<\\/strong> est simplement du faux&nbsp;<\\/li><li>Le <strong>Lorem Ipsum<\\/strong> est simplement du faux&nbsp;<\\/li><li>Le <strong>Lorem Ipsum<\\/strong> est simplement du faux&nbsp;<\\/li><li>Le <strong>Lorem Ipsum<\\/strong> est simplement du faux<\\/li><\\/ol><div>&nbsp;<\\/div><ul><li>Le <strong>Lorem Ipsum<\\/strong> est simplement du faux&nbsp;<\\/li><li>Le <strong>Lorem Ipsum<\\/strong> est simplement du faux&nbsp;<\\/li><li>Le <strong>Lorem Ipsum<\\/strong> est simplement du faux&nbsp;<\\/li><li>Le <strong>Lorem Ipsum<\\/strong> est simplement du faux&nbsp;<\\/li><\\/ul><div><br><\\/div><div><br><\\/div><div><figure data-trix-attachment=\\\"{&quot;contentType&quot;:&quot;image&quot;,&quot;height&quot;:375,&quot;url&quot;:&quot;https:\\/\\/community-cdn-digitalocean-com.global.ssl.fastly.net\\/assets\\/tutorials\\/images\\/large\\/Let\'s_Encrypt_apache_tw_mostov.jpg?1468952215&quot;,&quot;width&quot;:750}\\\" data-trix-content-type=\\\"image\\\" data-trix-attributes=\\\"{&quot;caption&quot;:&quot;title2&quot;}\\\" class=\\\"attachment attachment--preview\\\"><img src=\\\"https:\\/\\/community-cdn-digitalocean-com.global.ssl.fastly.net\\/assets\\/tutorials\\/images\\/large\\/Let\'s_Encrypt_apache_tw_mostov.jpg?1468952215\\\" width=\\\"750\\\" height=\\\"375\\\"><figcaption class=\\\"attachment__caption attachment__caption--edited\\\">title2<\\/figcaption><\\/figure><br><br><\\/div><div>Le <strong>Lorem Ipsum<\\/strong> est simplement du faux texte employ\\u00e9 dans la composition et la mise en page avant impression. Le Lorem Ipsum est le faux texte standard de l\'imprimerie depuis les ann\\u00e9es 1500, quand un imprimeur anonyme assembla ensemble des morceaux de texte pour r\\u00e9aliser un livre sp\\u00e9cimen de polices de texte. Il n\'a pas fait que survivre cinq si\\u00e8cles, mais s\'est aussi adapt\\u00e9 \\u00e0 la bureautique informatique, sans que son contenu n\'en soit modifi\\u00e9. Il a \\u00e9t\\u00e9 popularis\\u00e9 dans les ann\\u00e9es 1960 gr\\u00e2ce \\u00e0 la vente de feuilles Letraset contenant des passages du Lorem Ipsum, et, plus r\\u00e9cemment, par son inclusion dans des applications de mise en page de texte, comme Aldus PageMaker.<\\/div><div><br><\\/div><div><br><\\/div>\"}'),
(47, '8ecb1749-10cf-4741-8804-cec3e245a429', 13, 'Update', 'App\\Event', 16, 'App\\Event', 16, 'App\\Event', 16, '', 'finished', '', '2019-10-02 14:13:21', '2019-10-02 14:13:21', '{\"description\":\"<h1>Awsome event is coming:&nbsp;<\\/h1><div><figure data-trix-attachment=\\\"{&quot;contentType&quot;:&quot;image&quot;,&quot;height&quot;:375,&quot;url&quot;:&quot;https:\\/\\/community-cdn-digitalocean-com.global.ssl.fastly.net\\/assets\\/tutorials\\/images\\/large\\/Let\'s_Encrypt_apache_tw_mostov.jpg?1468952215&quot;,&quot;width&quot;:750}\\\" data-trix-content-type=\\\"image\\\" data-trix-attributes=\\\"{&quot;caption&quot;:&quot;title&quot;}\\\" class=\\\"attachment attachment--preview\\\"><img src=\\\"https:\\/\\/community-cdn-digitalocean-com.global.ssl.fastly.net\\/assets\\/tutorials\\/images\\/large\\/Let\'s_Encrypt_apache_tw_mostov.jpg?1468952215\\\" width=\\\"750\\\" height=\\\"375\\\"><figcaption class=\\\"attachment__caption attachment__caption--edited\\\">title<\\/figcaption><\\/figure><\\/div><div>Le <strong>Lorem Ipsum<\\/strong> est simplement du faux texte employ\\u00e9 dans la composition et la mise en page avant impression. Le Lorem Ipsum est le faux texte standard de l\'imprimerie depuis les ann\\u00e9es 1500, quand un imprimeur anonyme assembla ensemble des morceaux de texte pour r\\u00e9aliser un livre sp\\u00e9cimen de polices de texte. Il n\'a pas fait que survivre cinq si\\u00e8cles, mais s\'est aussi adapt\\u00e9 \\u00e0 la bureautique informatique, sans que son contenu n\'en soit modifi\\u00e9. Il a \\u00e9t\\u00e9 popularis\\u00e9 dans les ann\\u00e9es 1960 gr\\u00e2ce \\u00e0 la vente de feuilles Letraset contenant des passages du Lorem Ipsum, et, plus r\\u00e9cemment, par son inclusion dans des applications de mise en page de texte, comme Aldus PageMaker.<br><br><\\/div><ol><li>Le <strong>Lorem Ipsum<\\/strong> est simplement du faux&nbsp;<\\/li><li>Le <strong>Lorem Ipsum<\\/strong> est simplement du faux&nbsp;<\\/li><li>Le <strong>Lorem Ipsum<\\/strong> est simplement du faux&nbsp;<\\/li><li>Le <strong>Lorem Ipsum<\\/strong> est simplement du faux<\\/li><\\/ol><div>&nbsp;<\\/div><ul><li>Le <strong>Lorem Ipsum<\\/strong> est simplement du faux&nbsp;<\\/li><li>Le <strong>Lorem Ipsum<\\/strong> est simplement du faux&nbsp;<\\/li><li>Le <strong>Lorem Ipsum<\\/strong> est simplement du faux&nbsp;<\\/li><li>Le <strong>Lorem Ipsum<\\/strong> est simplement du faux&nbsp;<\\/li><\\/ul><div><br><\\/div><div><br><\\/div><div><figure data-trix-attachment=\\\"{&quot;contentType&quot;:&quot;image&quot;,&quot;height&quot;:375,&quot;url&quot;:&quot;https:\\/\\/community-cdn-digitalocean-com.global.ssl.fastly.net\\/assets\\/tutorials\\/images\\/large\\/Let\'s_Encrypt_apache_tw_mostov.jpg?1468952215&quot;,&quot;width&quot;:750}\\\" data-trix-content-type=\\\"image\\\" data-trix-attributes=\\\"{&quot;caption&quot;:&quot;title2&quot;}\\\" class=\\\"attachment attachment--preview\\\"><img src=\\\"https:\\/\\/community-cdn-digitalocean-com.global.ssl.fastly.net\\/assets\\/tutorials\\/images\\/large\\/Let\'s_Encrypt_apache_tw_mostov.jpg?1468952215\\\" width=\\\"750\\\" height=\\\"375\\\"><figcaption class=\\\"attachment__caption attachment__caption--edited\\\">title2<\\/figcaption><\\/figure><br><br><\\/div><div>Le <strong>Lorem Ipsum<\\/strong> est simplement du faux texte employ\\u00e9 dans la composition et la mise en page avant impression. Le Lorem Ipsum est le faux texte standard de l\'imprimerie depuis les ann\\u00e9es 1500, quand un imprimeur anonyme assembla ensemble des morceaux de texte pour r\\u00e9aliser un livre sp\\u00e9cimen de polices de texte. Il n\'a pas fait que survivre cinq si\\u00e8cles, mais s\'est aussi adapt\\u00e9 \\u00e0 la bureautique informatique, sans que son contenu n\'en soit modifi\\u00e9. Il a \\u00e9t\\u00e9 popularis\\u00e9 dans les ann\\u00e9es 1960 gr\\u00e2ce \\u00e0 la vente de feuilles Letraset contenant des passages du Lorem Ipsum, et, plus r\\u00e9cemment, par son inclusion dans des applications de mise en page de texte, comme Aldus PageMaker.<\\/div><div><br><\\/div><div><br><\\/div>\"}', '{\"description\":\"<h1>Awsome event is coming:&nbsp;<\\/h1><div><figure data-trix-attachment=\\\"{&quot;contentType&quot;:&quot;image&quot;,&quot;height&quot;:375,&quot;url&quot;:&quot;https:\\/\\/community-cdn-digitalocean-com.global.ssl.fastly.net\\/assets\\/tutorials\\/images\\/large\\/Let\'s_Encrypt_apache_tw_mostov.jpg?1468952215&quot;,&quot;width&quot;:750}\\\" data-trix-content-type=\\\"image\\\" data-trix-attributes=\\\"{&quot;caption&quot;:&quot;title&quot;}\\\" class=\\\"attachment attachment--preview\\\"><img src=\\\"https:\\/\\/community-cdn-digitalocean-com.global.ssl.fastly.net\\/assets\\/tutorials\\/images\\/large\\/Let\'s_Encrypt_apache_tw_mostov.jpg?1468952215\\\" width=\\\"750\\\" height=\\\"375\\\"><figcaption class=\\\"attachment__caption attachment__caption--edited\\\">title<\\/figcaption><\\/figure><\\/div><div>Le <strong>Lorem Ipsum<\\/strong> est simplement du faux texte employ\\u00e9 dans la composition et la mise en page avant impression. Le Lorem Ipsum est le faux texte standard de l\'imprimerie depuis les ann\\u00e9es 1500, quand un imprimeur anonyme assembla ensemble des morceaux de texte pour r\\u00e9aliser un livre sp\\u00e9cimen de polices de texte. Il n\'a pas fait que survivre cinq si\\u00e8cles, mais s\'est aussi adapt\\u00e9 \\u00e0 la bureautique informatique, sans que son contenu n\'en soit modifi\\u00e9. Il a \\u00e9t\\u00e9 popularis\\u00e9 dans les ann\\u00e9es 1960 gr\\u00e2ce \\u00e0 la vente de feuilles Letraset contenant des passages du Lorem Ipsum, et, plus r\\u00e9cemment, par son inclusion dans des applications de mise en page de texte, comme Aldus PageMaker.<br><br><\\/div><ol><li>Le <strong>Lorem Ipsum<\\/strong> est simplement du faux&nbsp;<\\/li><li>Le <strong>Lorem Ipsum<\\/strong> est simplement du faux&nbsp;<\\/li><li>Le <strong>Lorem Ipsum<\\/strong> est simplement du faux&nbsp;<\\/li><li>Le <strong>Lorem Ipsum<\\/strong> est simplement du faux<\\/li><\\/ol><div>&nbsp;<\\/div><ul><li>Le <strong>Lorem Ipsum<\\/strong> est simplement du faux&nbsp;<\\/li><li>Le <strong>Lorem Ipsum<\\/strong> est simplement du faux&nbsp;<\\/li><li>Le <strong>Lorem Ipsum<\\/strong> est simplement du faux&nbsp;<\\/li><li>Le <strong>Lorem Ipsum<\\/strong> est simplement du faux&nbsp;<\\/li><\\/ul><div><br><\\/div><div><br><\\/div><div><figure data-trix-attachment=\\\"{&quot;contentType&quot;:&quot;image&quot;,&quot;height&quot;:375,&quot;url&quot;:&quot;https:\\/\\/community-cdn-digitalocean-com.global.ssl.fastly.net\\/assets\\/tutorials\\/images\\/large\\/Let\'s_Encrypt_apache_tw_mostov.jpg?1468952215&quot;,&quot;width&quot;:750}\\\" data-trix-content-type=\\\"image\\\" data-trix-attributes=\\\"{&quot;caption&quot;:&quot;title2&quot;}\\\" class=\\\"attachment attachment--preview\\\"><img src=\\\"https:\\/\\/community-cdn-digitalocean-com.global.ssl.fastly.net\\/assets\\/tutorials\\/images\\/large\\/Let\'s_Encrypt_apache_tw_mostov.jpg?1468952215\\\" width=\\\"750\\\" height=\\\"375\\\"><figcaption class=\\\"attachment__caption attachment__caption--edited\\\">title2<\\/figcaption><\\/figure><br><br><\\/div><div>Le <strong>Lorem Ipsum<\\/strong> est simplement du faux texte employ\\u00e9 dans la composition et la mise en page avant impression. Le Lorem Ipsum est le faux texte standard de l\'imprimerie depuis les ann\\u00e9es 1500, quand un imprimeur anonyme assembla ensemble des morceaux de texte pour r\\u00e9aliser un livre sp\\u00e9cimen de polices de texte. Il n\'a pas fait que survivre cinq si\\u00e8cles, mais s\'est aussi adapt\\u00e9 \\u00e0 la bureautique informatique, sans que son contenu n\'en soit modifi\\u00e9. Il a \\u00e9t\\u00e9 popularis\\u00e9 dans les ann\\u00e9es 1960 gr\\u00e2ce \\u00e0 la vente de feuilles Letraset contenant des passages du Lorem Ipsum, et, plus r\\u00e9cemment, par son inclusion dans des applications de mise en page de texte, comme Aldus PageMaker.<\\/div><div><br><\\/div><div><br><\\/div><div><br><\\/div>\"}'),
(48, '8ecb2f33-0adb-448f-b298-3a7c249d4015', 13, 'Update', 'App\\Fight', 8, 'App\\Fight', 8, 'App\\Fight', 8, '', 'finished', '', '2019-10-02 15:20:13', '2019-10-02 15:20:13', '{\"title\":\"Last event\"}', '{\"title\":\"Fight last\"}'),
(49, '8eccaa01-d096-4a84-a974-8bbb08fb00b7', 13, 'Delete', 'App\\Event', 1, 'App\\Event', 1, 'App\\Event', 1, '', 'finished', '', '2019-10-03 08:59:27', '2019-10-03 08:59:27', NULL, NULL),
(50, '8eccaa01-d25d-4e25-807e-097baf2d214d', 13, 'Delete', 'App\\Event', 2, 'App\\Event', 2, 'App\\Event', 2, '', 'finished', '', '2019-10-03 08:59:27', '2019-10-03 08:59:27', NULL, NULL),
(51, '8eccaa01-d2f6-4ac2-9338-b6662eeae9c5', 13, 'Delete', 'App\\Event', 3, 'App\\Event', 3, 'App\\Event', 3, '', 'finished', '', '2019-10-03 08:59:27', '2019-10-03 08:59:27', NULL, NULL),
(52, '8eccaa01-d38e-4fea-98b3-2a3617f09db0', 13, 'Delete', 'App\\Event', 4, 'App\\Event', 4, 'App\\Event', 4, '', 'finished', '', '2019-10-03 08:59:27', '2019-10-03 08:59:27', NULL, NULL),
(53, '8eccaa01-d423-4431-a1a7-63f5bdf299cd', 13, 'Delete', 'App\\Event', 5, 'App\\Event', 5, 'App\\Event', 5, '', 'finished', '', '2019-10-03 08:59:27', '2019-10-03 08:59:27', NULL, NULL),
(54, '8eccaa01-d4a5-4e70-88f2-4bd7a1ade07b', 13, 'Delete', 'App\\Event', 6, 'App\\Event', 6, 'App\\Event', 6, '', 'finished', '', '2019-10-03 08:59:27', '2019-10-03 08:59:27', NULL, NULL),
(55, '8ecce29c-272a-4c7a-ab7e-6698bd8cb54f', 13, 'Create', 'App\\News', 22, 'App\\News', 22, 'App\\News', 22, '', 'finished', '', '2019-10-03 11:37:43', '2019-10-03 11:37:43', NULL, '{\"title\":\"Title\",\"description\":\"<div>DEscription<\\/div>\",\"image\":\"TdnM7vRoTDtbQQWrSbbLC2ZCmLKDi3WRNHNtfu40.png\",\"thumbnail\":\"4Ttntg5k8POf06mYPFhLJoi9whEeKf38ZJQFjxXa.png\",\"updated_at\":\"2019-10-03 12:37:43\",\"created_at\":\"2019-10-03 12:37:43\",\"id\":22}'),
(56, '8ecce753-2030-41c5-a1be-09efa86fdba1', 13, 'Create', 'App\\Event', 17, 'App\\Event', 17, 'App\\Event', 17, '', 'finished', '', '2019-10-03 11:50:54', '2019-10-03 11:50:54', NULL, '{\"title\":\"Lorem ipsum\",\"image\":\"TxPvCLi3kgLjVOknDxsYakMwv5Xe3Zo3DcsDNarB.png\",\"thumbnail\":\"7wzyHZsu7mwcaRqxgQiLVmrkGYbQRpS5AA2h4Rwo.png\",\"description\":\"<div>Hello world<\\/div>\",\"start_date\":\"2019-10-23 11:00:00\",\"end_date\":\"2019-10-10 11:00:00\",\"updated_at\":\"2019-10-03 12:50:54\",\"created_at\":\"2019-10-03 12:50:54\",\"id\":17}'),
(57, '8ecce7c1-bc56-4b9b-af0d-fe33bed1afbf', 13, 'Create', 'App\\Event', 18, 'App\\Event', 18, 'App\\Event', 18, '', 'finished', '', '2019-10-03 11:52:07', '2019-10-03 11:52:07', NULL, '{\"title\":\"with thumb\",\"image\":\"Wwuco4lgrDUPiNCSNhLjTjLzzRiqiT9WVGqZ2IjW.png\",\"thumbnail\":\"DpzYC1CSfuwYa0a0Xj28Rp23YQyQlEUChIiolcrp.png\",\"description\":\"<div>qsdqsdqsd<\\/div>\",\"start_date\":\"2019-10-17 11:00:00\",\"end_date\":\"2019-10-24 11:00:00\",\"updated_at\":\"2019-10-03 12:52:07\",\"created_at\":\"2019-10-03 12:52:07\",\"id\":18}'),
(58, '8ecce919-9a40-4ef0-b376-5e069d5ed3dc', 13, 'Create', 'App\\Event', 19, 'App\\Event', 19, 'App\\Event', 19, '', 'finished', '', '2019-10-03 11:55:52', '2019-10-03 11:55:52', NULL, '{\"title\":\"qklsd,lkq,sdlq,skd\",\"image\":\"Ig52Yflkvu1RuvhwzSgnZ2pCegCxAw3JQaz1fa6A.png\",\"thumbnail\":\"gaULV2cMx8MogjHC2sjQEr2U8V7xRUipO1mtSz3R.png\",\"description\":\"<div>qsdqsdqsd<\\/div>\",\"start_date\":\"2019-10-23 11:00:00\",\"end_date\":\"2019-10-15 11:00:00\",\"updated_at\":\"2019-10-03 12:55:52\",\"created_at\":\"2019-10-03 12:55:52\",\"id\":19}'),
(59, '8ecce994-8068-49b7-845a-d0ec87f964d1', 13, 'Delete', 'App\\Event', 17, 'App\\Event', 17, 'App\\Event', 17, '', 'finished', '', '2019-10-03 11:57:12', '2019-10-03 11:57:12', NULL, NULL),
(60, '8ecce994-818f-4929-9eea-544ee38c22f7', 13, 'Delete', 'App\\Event', 18, 'App\\Event', 18, 'App\\Event', 18, '', 'finished', '', '2019-10-03 11:57:12', '2019-10-03 11:57:12', NULL, NULL),
(61, '8ecce994-8240-4faf-b156-27b4707264f7', 13, 'Delete', 'App\\Event', 19, 'App\\Event', 19, 'App\\Event', 19, '', 'finished', '', '2019-10-03 11:57:12', '2019-10-03 11:57:12', NULL, NULL),
(62, '8eccec31-5434-4d37-ac40-bc2224963860', 13, 'Update', 'App\\Event', 16, 'App\\Event', 16, 'App\\Event', 16, '', 'finished', '', '2019-10-03 12:04:31', '2019-10-03 12:04:31', '{\"description\":\"<h1>Awsome event is coming:&nbsp;<\\/h1><div><figure data-trix-attachment=\\\"{&quot;contentType&quot;:&quot;image&quot;,&quot;height&quot;:375,&quot;url&quot;:&quot;https:\\/\\/community-cdn-digitalocean-com.global.ssl.fastly.net\\/assets\\/tutorials\\/images\\/large\\/Let\'s_Encrypt_apache_tw_mostov.jpg?1468952215&quot;,&quot;width&quot;:750}\\\" data-trix-content-type=\\\"image\\\" data-trix-attributes=\\\"{&quot;caption&quot;:&quot;title&quot;}\\\" class=\\\"attachment attachment--preview\\\"><img src=\\\"https:\\/\\/community-cdn-digitalocean-com.global.ssl.fastly.net\\/assets\\/tutorials\\/images\\/large\\/Let\'s_Encrypt_apache_tw_mostov.jpg?1468952215\\\" width=\\\"750\\\" height=\\\"375\\\"><figcaption class=\\\"attachment__caption attachment__caption--edited\\\">title<\\/figcaption><\\/figure><\\/div><div>Le <strong>Lorem Ipsum<\\/strong> est simplement du faux texte employ\\u00e9 dans la composition et la mise en page avant impression. Le Lorem Ipsum est le faux texte standard de l\'imprimerie depuis les ann\\u00e9es 1500, quand un imprimeur anonyme assembla ensemble des morceaux de texte pour r\\u00e9aliser un livre sp\\u00e9cimen de polices de texte. Il n\'a pas fait que survivre cinq si\\u00e8cles, mais s\'est aussi adapt\\u00e9 \\u00e0 la bureautique informatique, sans que son contenu n\'en soit modifi\\u00e9. Il a \\u00e9t\\u00e9 popularis\\u00e9 dans les ann\\u00e9es 1960 gr\\u00e2ce \\u00e0 la vente de feuilles Letraset contenant des passages du Lorem Ipsum, et, plus r\\u00e9cemment, par son inclusion dans des applications de mise en page de texte, comme Aldus PageMaker.<br><br><\\/div><ol><li>Le <strong>Lorem Ipsum<\\/strong> est simplement du faux&nbsp;<\\/li><li>Le <strong>Lorem Ipsum<\\/strong> est simplement du faux&nbsp;<\\/li><li>Le <strong>Lorem Ipsum<\\/strong> est simplement du faux&nbsp;<\\/li><li>Le <strong>Lorem Ipsum<\\/strong> est simplement du faux<\\/li><\\/ol><div>&nbsp;<\\/div><ul><li>Le <strong>Lorem Ipsum<\\/strong> est simplement du faux&nbsp;<\\/li><li>Le <strong>Lorem Ipsum<\\/strong> est simplement du faux&nbsp;<\\/li><li>Le <strong>Lorem Ipsum<\\/strong> est simplement du faux&nbsp;<\\/li><li>Le <strong>Lorem Ipsum<\\/strong> est simplement du faux&nbsp;<\\/li><\\/ul><div><br><\\/div><div><br><\\/div><div><figure data-trix-attachment=\\\"{&quot;contentType&quot;:&quot;image&quot;,&quot;height&quot;:375,&quot;url&quot;:&quot;https:\\/\\/community-cdn-digitalocean-com.global.ssl.fastly.net\\/assets\\/tutorials\\/images\\/large\\/Let\'s_Encrypt_apache_tw_mostov.jpg?1468952215&quot;,&quot;width&quot;:750}\\\" data-trix-content-type=\\\"image\\\" data-trix-attributes=\\\"{&quot;caption&quot;:&quot;title2&quot;}\\\" class=\\\"attachment attachment--preview\\\"><img src=\\\"https:\\/\\/community-cdn-digitalocean-com.global.ssl.fastly.net\\/assets\\/tutorials\\/images\\/large\\/Let\'s_Encrypt_apache_tw_mostov.jpg?1468952215\\\" width=\\\"750\\\" height=\\\"375\\\"><figcaption class=\\\"attachment__caption attachment__caption--edited\\\">title2<\\/figcaption><\\/figure><br><br><\\/div><div>Le <strong>Lorem Ipsum<\\/strong> est simplement du faux texte employ\\u00e9 dans la composition et la mise en page avant impression. Le Lorem Ipsum est le faux texte standard de l\'imprimerie depuis les ann\\u00e9es 1500, quand un imprimeur anonyme assembla ensemble des morceaux de texte pour r\\u00e9aliser un livre sp\\u00e9cimen de polices de texte. Il n\'a pas fait que survivre cinq si\\u00e8cles, mais s\'est aussi adapt\\u00e9 \\u00e0 la bureautique informatique, sans que son contenu n\'en soit modifi\\u00e9. Il a \\u00e9t\\u00e9 popularis\\u00e9 dans les ann\\u00e9es 1960 gr\\u00e2ce \\u00e0 la vente de feuilles Letraset contenant des passages du Lorem Ipsum, et, plus r\\u00e9cemment, par son inclusion dans des applications de mise en page de texte, comme Aldus PageMaker.<\\/div><div><br><\\/div><div><br><\\/div><div><br><\\/div>\"}', '{\"description\":\"<h1>Awsome event is coming:&nbsp;<\\/h1><div><figure data-trix-attachment=\\\"{&quot;contentType&quot;:&quot;image&quot;,&quot;height&quot;:375,&quot;url&quot;:&quot;https:\\/\\/community-cdn-digitalocean-com.global.ssl.fastly.net\\/assets\\/tutorials\\/images\\/large\\/Let\'s_Encrypt_apache_tw_mostov.jpg?1468952215&quot;,&quot;width&quot;:750}\\\" data-trix-content-type=\\\"image\\\" data-trix-attributes=\\\"{&quot;caption&quot;:&quot;title&quot;}\\\" class=\\\"attachment attachment--preview\\\"><img src=\\\"https:\\/\\/community-cdn-digitalocean-com.global.ssl.fastly.net\\/assets\\/tutorials\\/images\\/large\\/Let\'s_Encrypt_apache_tw_mostov.jpg?1468952215\\\" width=\\\"750\\\" height=\\\"375\\\"><figcaption class=\\\"attachment__caption attachment__caption--edited\\\">title<\\/figcaption><\\/figure><\\/div><div>Le <strong>Lorem Ipsum<\\/strong> est simplement du faux texte employ\\u00e9 dans la composition et la mise en page avant impression. Le Lorem Ipsum est le faux texte standard de l\'imprimerie depuis les ann\\u00e9es 1500, quand un imprimeur anonyme assembla ensemble des morceaux de texte pour r\\u00e9aliser un livre sp\\u00e9cimen de polices de texte. Il n\'a pas fait que survivre cinq si\\u00e8cles, mais s\'est aussi adapt\\u00e9 \\u00e0 la bureautique informatique, sans que son contenu n\'en soit modifi\\u00e9. Il a \\u00e9t\\u00e9 popularis\\u00e9 dans les ann\\u00e9es 1960 gr\\u00e2ce \\u00e0 la vente de feuilles Letraset contenant des passages du Lorem Ipsum, et, plus r\\u00e9cemment, par son inclusion dans des applications de mise en page de texte, comme Aldus PageMaker.<br><br><\\/div><ol><li>Le <strong>Lorem Ipsum<\\/strong> est simplement du faux&nbsp;<\\/li><li>Le <strong>Lorem Ipsum<\\/strong> est simplement du faux&nbsp;<\\/li><li>Le <strong>Lorem Ipsum<\\/strong> est simplement du faux&nbsp;<\\/li><li>Le <strong>Lorem Ipsum<\\/strong> est simplement du faux<\\/li><\\/ol><div>&nbsp;<\\/div><ul><li>Le <strong>Lorem Ipsum<\\/strong> est simplement du faux&nbsp;<\\/li><li>Le <strong>Lorem Ipsum<\\/strong> est simplement du faux&nbsp;<\\/li><li>Le <strong>Lorem Ipsum<\\/strong> est simplement du faux&nbsp;<\\/li><li>Le <strong>Lorem Ipsum<\\/strong> est simplement du faux&nbsp;<\\/li><\\/ul><div><br><\\/div><div><br><\\/div><div><figure data-trix-attachment=\\\"{&quot;contentType&quot;:&quot;image&quot;,&quot;height&quot;:375,&quot;url&quot;:&quot;https:\\/\\/community-cdn-digitalocean-com.global.ssl.fastly.net\\/assets\\/tutorials\\/images\\/large\\/Let\'s_Encrypt_apache_tw_mostov.jpg?1468952215&quot;,&quot;width&quot;:750}\\\" data-trix-content-type=\\\"image\\\" data-trix-attributes=\\\"{&quot;caption&quot;:&quot;title2&quot;}\\\" class=\\\"attachment attachment--preview\\\"><img src=\\\"https:\\/\\/community-cdn-digitalocean-com.global.ssl.fastly.net\\/assets\\/tutorials\\/images\\/large\\/Let\'s_Encrypt_apache_tw_mostov.jpg?1468952215\\\" width=\\\"750\\\" height=\\\"375\\\"><figcaption class=\\\"attachment__caption attachment__caption--edited\\\">title2<\\/figcaption><\\/figure><br><br><\\/div><div>Le <strong>Lorem Ipsum<\\/strong> est simplement du faux texte employ\\u00e9 dans la composition et la mise en page avant impression. Le Lorem Ipsum est le faux texte standard de l\'imprimerie depuis les ann\\u00e9es 1500, quand un imprimeur anonyme assembla ensemble des morceaux de texte pour r\\u00e9aliser un livre sp\\u00e9cimen de polices de texte. Il n\'a pas fait que survivre cinq si\\u00e8cles, mais s\'est aussi adapt\\u00e9 \\u00e0 la bureautique informatique, sans que son contenu n\'en soit modifi\\u00e9. Il a \\u00e9t\\u00e9 popularis\\u00e9 dans les ann\\u00e9es 1960 gr\\u00e2ce \\u00e0 la vente de feuilles Letraset contenant des passages du Lorem Ipsum, et, plus r\\u00e9cemment, par son inclusion dans des applications de mise en page de texte, comme Aldus PageMaker.<\\/div><div><br><\\/div><div><br><\\/div><div><br><\\/div><div><br><\\/div>\"}'),
(63, '8eccec7b-4f95-4545-af06-17b4a9c40fb2', 13, 'Update', 'App\\Event', 16, 'App\\Event', 16, 'App\\Event', 16, '', 'finished', '', '2019-10-03 12:05:19', '2019-10-03 12:05:19', '{\"description\":\"<h1>Awsome event is coming:&nbsp;<\\/h1><div><figure data-trix-attachment=\\\"{&quot;contentType&quot;:&quot;image&quot;,&quot;height&quot;:375,&quot;url&quot;:&quot;https:\\/\\/community-cdn-digitalocean-com.global.ssl.fastly.net\\/assets\\/tutorials\\/images\\/large\\/Let\'s_Encrypt_apache_tw_mostov.jpg?1468952215&quot;,&quot;width&quot;:750}\\\" data-trix-content-type=\\\"image\\\" data-trix-attributes=\\\"{&quot;caption&quot;:&quot;title&quot;}\\\" class=\\\"attachment attachment--preview\\\"><img src=\\\"https:\\/\\/community-cdn-digitalocean-com.global.ssl.fastly.net\\/assets\\/tutorials\\/images\\/large\\/Let\'s_Encrypt_apache_tw_mostov.jpg?1468952215\\\" width=\\\"750\\\" height=\\\"375\\\"><figcaption class=\\\"attachment__caption attachment__caption--edited\\\">title<\\/figcaption><\\/figure><\\/div><div>Le <strong>Lorem Ipsum<\\/strong> est simplement du faux texte employ\\u00e9 dans la composition et la mise en page avant impression. Le Lorem Ipsum est le faux texte standard de l\'imprimerie depuis les ann\\u00e9es 1500, quand un imprimeur anonyme assembla ensemble des morceaux de texte pour r\\u00e9aliser un livre sp\\u00e9cimen de polices de texte. Il n\'a pas fait que survivre cinq si\\u00e8cles, mais s\'est aussi adapt\\u00e9 \\u00e0 la bureautique informatique, sans que son contenu n\'en soit modifi\\u00e9. Il a \\u00e9t\\u00e9 popularis\\u00e9 dans les ann\\u00e9es 1960 gr\\u00e2ce \\u00e0 la vente de feuilles Letraset contenant des passages du Lorem Ipsum, et, plus r\\u00e9cemment, par son inclusion dans des applications de mise en page de texte, comme Aldus PageMaker.<br><br><\\/div><ol><li>Le <strong>Lorem Ipsum<\\/strong> est simplement du faux&nbsp;<\\/li><li>Le <strong>Lorem Ipsum<\\/strong> est simplement du faux&nbsp;<\\/li><li>Le <strong>Lorem Ipsum<\\/strong> est simplement du faux&nbsp;<\\/li><li>Le <strong>Lorem Ipsum<\\/strong> est simplement du faux<\\/li><\\/ol><div>&nbsp;<\\/div><ul><li>Le <strong>Lorem Ipsum<\\/strong> est simplement du faux&nbsp;<\\/li><li>Le <strong>Lorem Ipsum<\\/strong> est simplement du faux&nbsp;<\\/li><li>Le <strong>Lorem Ipsum<\\/strong> est simplement du faux&nbsp;<\\/li><li>Le <strong>Lorem Ipsum<\\/strong> est simplement du faux&nbsp;<\\/li><\\/ul><div><br><\\/div><div><br><\\/div><div><figure data-trix-attachment=\\\"{&quot;contentType&quot;:&quot;image&quot;,&quot;height&quot;:375,&quot;url&quot;:&quot;https:\\/\\/community-cdn-digitalocean-com.global.ssl.fastly.net\\/assets\\/tutorials\\/images\\/large\\/Let\'s_Encrypt_apache_tw_mostov.jpg?1468952215&quot;,&quot;width&quot;:750}\\\" data-trix-content-type=\\\"image\\\" data-trix-attributes=\\\"{&quot;caption&quot;:&quot;title2&quot;}\\\" class=\\\"attachment attachment--preview\\\"><img src=\\\"https:\\/\\/community-cdn-digitalocean-com.global.ssl.fastly.net\\/assets\\/tutorials\\/images\\/large\\/Let\'s_Encrypt_apache_tw_mostov.jpg?1468952215\\\" width=\\\"750\\\" height=\\\"375\\\"><figcaption class=\\\"attachment__caption attachment__caption--edited\\\">title2<\\/figcaption><\\/figure><br><br><\\/div><div>Le <strong>Lorem Ipsum<\\/strong> est simplement du faux texte employ\\u00e9 dans la composition et la mise en page avant impression. Le Lorem Ipsum est le faux texte standard de l\'imprimerie depuis les ann\\u00e9es 1500, quand un imprimeur anonyme assembla ensemble des morceaux de texte pour r\\u00e9aliser un livre sp\\u00e9cimen de polices de texte. Il n\'a pas fait que survivre cinq si\\u00e8cles, mais s\'est aussi adapt\\u00e9 \\u00e0 la bureautique informatique, sans que son contenu n\'en soit modifi\\u00e9. Il a \\u00e9t\\u00e9 popularis\\u00e9 dans les ann\\u00e9es 1960 gr\\u00e2ce \\u00e0 la vente de feuilles Letraset contenant des passages du Lorem Ipsum, et, plus r\\u00e9cemment, par son inclusion dans des applications de mise en page de texte, comme Aldus PageMaker.<\\/div><div><br><\\/div><div><br><\\/div><div><br><\\/div><div><br><\\/div>\"}', '{\"description\":\"<h1>Awsome event is coming:&nbsp;<\\/h1><div><figure data-trix-attachment=\\\"{&quot;contentType&quot;:&quot;image&quot;,&quot;height&quot;:375,&quot;url&quot;:&quot;https:\\/\\/community-cdn-digitalocean-com.global.ssl.fastly.net\\/assets\\/tutorials\\/images\\/large\\/Let\'s_Encrypt_apache_tw_mostov.jpg?1468952215&quot;,&quot;width&quot;:750}\\\" data-trix-content-type=\\\"image\\\" data-trix-attributes=\\\"{&quot;caption&quot;:&quot;title&quot;}\\\" class=\\\"attachment attachment--preview\\\"><img src=\\\"https:\\/\\/community-cdn-digitalocean-com.global.ssl.fastly.net\\/assets\\/tutorials\\/images\\/large\\/Let\'s_Encrypt_apache_tw_mostov.jpg?1468952215\\\" width=\\\"750\\\" height=\\\"375\\\"><figcaption class=\\\"attachment__caption attachment__caption--edited\\\">title<\\/figcaption><\\/figure><\\/div><div>Le <strong>Lorem Ipsum<\\/strong> est simplement du faux texte employ\\u00e9 dans la composition et la mise en page avant impression. Le Lorem Ipsum est le faux texte standard de l\'imprimerie depuis les ann\\u00e9es 1500, quand un imprimeur anonyme assembla ensemble des morceaux de texte pour r\\u00e9aliser un livre sp\\u00e9cimen de polices de texte. Il n\'a pas fait que survivre cinq si\\u00e8cles, mais s\'est aussi adapt\\u00e9 \\u00e0 la bureautique informatique, sans que son contenu n\'en soit modifi\\u00e9. Il a \\u00e9t\\u00e9 popularis\\u00e9 dans les ann\\u00e9es 1960 gr\\u00e2ce \\u00e0 la vente de feuilles Letraset contenant des passages du Lorem Ipsum, et, plus r\\u00e9cemment, par son inclusion dans des applications de mise en page de texte, comme Aldus PageMaker.<br><br><\\/div><ol><li>Le <strong>Lorem Ipsum<\\/strong> est simplement du faux&nbsp;<\\/li><li>Le <strong>Lorem Ipsum<\\/strong> est simplement du faux&nbsp;<\\/li><li>Le <strong>Lorem Ipsum<\\/strong> est simplement du faux&nbsp;<\\/li><li>Le <strong>Lorem Ipsum<\\/strong> est simplement du faux<\\/li><\\/ol><div>&nbsp;<\\/div><ul><li>Le <strong>Lorem Ipsum<\\/strong> est simplement du faux&nbsp;<\\/li><li>Le <strong>Lorem Ipsum<\\/strong> est simplement du faux&nbsp;<\\/li><li>Le <strong>Lorem Ipsum<\\/strong> est simplement du faux&nbsp;<\\/li><li>Le <strong>Lorem Ipsum<\\/strong> est simplement du faux&nbsp;<\\/li><\\/ul><div><br><\\/div><div><br><\\/div><div><figure data-trix-attachment=\\\"{&quot;contentType&quot;:&quot;image&quot;,&quot;height&quot;:375,&quot;url&quot;:&quot;https:\\/\\/community-cdn-digitalocean-com.global.ssl.fastly.net\\/assets\\/tutorials\\/images\\/large\\/Let\'s_Encrypt_apache_tw_mostov.jpg?1468952215&quot;,&quot;width&quot;:750}\\\" data-trix-content-type=\\\"image\\\" data-trix-attributes=\\\"{&quot;caption&quot;:&quot;title2&quot;}\\\" class=\\\"attachment attachment--preview\\\"><img src=\\\"https:\\/\\/community-cdn-digitalocean-com.global.ssl.fastly.net\\/assets\\/tutorials\\/images\\/large\\/Let\'s_Encrypt_apache_tw_mostov.jpg?1468952215\\\" width=\\\"750\\\" height=\\\"375\\\"><figcaption class=\\\"attachment__caption attachment__caption--edited\\\">title2<\\/figcaption><\\/figure><br><br><\\/div><div>Le <strong>Lorem Ipsum<\\/strong> est simplement du faux texte employ\\u00e9 dans la composition et la mise en page avant impression. Le Lorem Ipsum est le faux texte standard de l\'imprimerie depuis les ann\\u00e9es 1500, quand un imprimeur anonyme assembla ensemble des morceaux de texte pour r\\u00e9aliser un livre sp\\u00e9cimen de polices de texte. Il n\'a pas fait que survivre cinq si\\u00e8cles, mais s\'est aussi adapt\\u00e9 \\u00e0 la bureautique informatique, sans que son contenu n\'en soit modifi\\u00e9. Il a \\u00e9t\\u00e9 popularis\\u00e9 dans les ann\\u00e9es 1960 gr\\u00e2ce \\u00e0 la vente de feuilles Letraset contenant des passages du Lorem Ipsum, et, plus r\\u00e9cemment, par son inclusion dans des applications de mise en page de texte, comme Aldus PageMaker.<\\/div><div><br><\\/div><div><br><\\/div><div><br><\\/div><div><br><\\/div><div><br><\\/div>\"}'),
(64, '8eccedcf-aa55-415c-9251-f66f4b55d368', 13, 'Update', 'App\\Event', 15, 'App\\Event', 15, 'App\\Event', 15, '', 'finished', '', '2019-10-03 12:09:02', '2019-10-03 12:09:02', '{\"image\":\"920c5a1ebe3b8417154b5e5c48c3ed39f0ff2bb8.png\",\"thumbnail\":\"thumbnail_920c5a1ebe3b8417154b5e5c48c3ed39f0ff2bb8.png\",\"description\":\"Lorem Ipsum is simply dummy text of the printing and typesetting industry. Lorem Ipsum has been the industry\'s standard dummy text ever since the 1500s \\nLorem Ipsum is simply dummy text of the printing and typesetting industry. Lorem Ipsum has been the industry\'s standard dummy text ever since the 1500s\\nLorem Ipsum is simply dummy text of the printing and typesetting industry. Lorem Ipsum has been the industry\'s standard dummy text ever since the 1500s\\nLorem Ipsum is simply dummy text of the printing and typesetting industry. Lorem Ipsum has been the industry\'s standard dummy text ever since the 1500s\"}', '{\"image\":\"GdSpPRdb66GCZRaGcOiw5ec2ZUAOwwKmLnTzPLtF.png\",\"thumbnail\":\"lA1uzaRJptYKw3ZpFodWW5VnDJijBdWujyzaIZ3L.png\",\"description\":\"<div>Lorem Ipsum is simply dummy text of the printing and typesetting industry. Lorem Ipsum has been the industry\'s standard dummy text ever since the 1500s Lorem Ipsum is simply dummy text of the printing and typesetting industry. Lorem Ipsum has been the industry\'s standard dummy text ever since the 1500s Lorem Ipsum is simply dummy text of the printing and typesetting industry. Lorem Ipsum has been the industry\'s standard dummy text ever since the 1500s Lorem Ipsum is simply dummy text of the printing and typesetting industry. Lorem Ipsum has been the industry\'s standard dummy text ever since the 1500s<\\/div>\"}'),
(65, '8ecceec8-0b44-4f81-a121-f697d4ed1ab8', 13, 'Update', 'App\\Event', 15, 'App\\Event', 15, 'App\\Event', 15, '', 'finished', '', '2019-10-03 12:11:45', '2019-10-03 12:11:45', '{\"thumbnail\":\"lA1uzaRJptYKw3ZpFodWW5VnDJijBdWujyzaIZ3L.png\"}', '{\"thumbnail\":\"46b8f7149fcd63d6de49956cc51adb5f3aa12344\"}'),
(66, '8eccf0e1-c94b-48c5-b1e8-3e77376e3201', 13, 'Update', 'App\\Event', 15, 'App\\Event', 15, 'App\\Event', 15, '', 'finished', '', '2019-10-03 12:17:38', '2019-10-03 12:17:38', '[]', '[]'),
(67, '8eccf122-cfd0-44f0-88a5-ae8c94e7e02b', 13, 'Update', 'App\\Event', 15, 'App\\Event', 15, 'App\\Event', 15, '', 'finished', '', '2019-10-03 12:18:20', '2019-10-03 12:18:20', '{\"thumbnail\":\"46b8f7149fcd63d6de49956cc51adb5f3aa12344\"}', '{\"thumbnail\":\"7cb968329479944e3af4b2dc2c0a721eccc42ac4\"}'),
(68, '8eccf144-54a8-409a-854e-f8c8b1ddd000', 13, 'Update', 'App\\Event', 15, 'App\\Event', 15, 'App\\Event', 15, '', 'finished', '', '2019-10-03 12:18:42', '2019-10-03 12:18:42', '{\"thumbnail\":\"7cb968329479944e3af4b2dc2c0a721eccc42ac4\"}', '{\"thumbnail\":\"x\\/7cb968329479944e3af4b2dc2c0a721eccc42ac4\"}'),
(69, '8eccf284-6a6c-416b-9e0a-03eb02745081', 13, 'Update', 'App\\Event', 15, 'App\\Event', 15, 'App\\Event', 15, '', 'finished', '', '2019-10-03 12:22:12', '2019-10-03 12:22:12', '{\"thumbnail\":\"x\\/7cb968329479944e3af4b2dc2c0a721eccc42ac4\"}', '{\"thumbnail\":\"34cd2415626e9f26e6fa6d477af9e34481bc254f\"}'),
(70, '8eccf2a3-9f2b-427b-9295-db4323a824bd', 13, 'Update', 'App\\Event', 15, 'App\\Event', 15, 'App\\Event', 15, '', 'finished', '', '2019-10-03 12:22:32', '2019-10-03 12:22:32', '{\"thumbnail\":\"34cd2415626e9f26e6fa6d477af9e34481bc254f\"}', '{\"thumbnail\":\"3dea2c68116f140f6bd2afb7baeaeee248a6c81b\"}'),
(71, '8eccf2d3-dc37-45b2-abf3-b6c84ad340ea', 13, 'Update', 'App\\Event', 15, 'App\\Event', 15, 'App\\Event', 15, '', 'finished', '', '2019-10-03 12:23:04', '2019-10-03 12:23:04', '{\"thumbnail\":\"3dea2c68116f140f6bd2afb7baeaeee248a6c81b\"}', '{\"thumbnail\":\"3e71d5f4ee1fe203532f15909c7b79644c9f1467\"}'),
(72, '8eccf311-a51b-4cf8-943d-7d051a28f0e6', 13, 'Update', 'App\\Event', 15, 'App\\Event', 15, 'App\\Event', 15, '', 'finished', '', '2019-10-03 12:23:44', '2019-10-03 12:23:44', '{\"thumbnail\":\"3e71d5f4ee1fe203532f15909c7b79644c9f1467\"}', '{\"thumbnail\":\"3078c403c40f281a78a445d162f68132d38f222b\"}'),
(73, '8eccf352-a6cc-4bee-9070-c7f6dd539a89', 13, 'Update', 'App\\Event', 15, 'App\\Event', 15, 'App\\Event', 15, '', 'finished', '', '2019-10-03 12:24:27', '2019-10-03 12:24:27', '{\"thumbnail\":\"3078c403c40f281a78a445d162f68132d38f222b\"}', '{\"thumbnail\":\"137586d057f751b8c40b3bdc98cc62c4da4a8197\"}'),
(74, '8eccf387-3d9e-4544-99ff-82da7828792d', 13, 'Update', 'App\\Event', 15, 'App\\Event', 15, 'App\\Event', 15, '', 'finished', '', '2019-10-03 12:25:01', '2019-10-03 12:25:01', '{\"thumbnail\":\"137586d057f751b8c40b3bdc98cc62c4da4a8197\"}', '{\"thumbnail\":\"x\\/41cced847fa3ff7fdf76ee8f8aa1524c834777f5\"}'),
(75, '8eccf6ae-093a-408f-9f9a-af7838279bef', 13, 'Update', 'App\\Event', 15, 'App\\Event', 15, 'App\\Event', 15, '', 'finished', '', '2019-10-03 12:33:50', '2019-10-03 12:33:50', '{\"thumbnail\":\"x\\/41cced847fa3ff7fdf76ee8f8aa1524c834777f5\"}', '{\"thumbnail\":\"xxx\\/ee8a78b106bc9ef89273fc6152ba8c8ec4782cb7\"}'),
(76, '8eccf708-f8f4-432a-b216-332d9fb0c46a', 13, 'Update', 'App\\Event', 15, 'App\\Event', 15, 'App\\Event', 15, '', 'finished', '', '2019-10-03 12:34:50', '2019-10-03 12:34:50', '{\"thumbnail\":\"xxx\\/ee8a78b106bc9ef89273fc6152ba8c8ec4782cb7\"}', '{\"thumbnail\":\"xxx\\/4596892b35b2571ef453edf34849b1610aa5ef9a\"}'),
(77, '8eccf741-f91d-49f4-8e3f-9b8c7828ed2e', 13, 'Update', 'App\\Event', 15, 'App\\Event', 15, 'App\\Event', 15, '', 'finished', '', '2019-10-03 12:35:27', '2019-10-03 12:35:27', '{\"thumbnail\":\"xxx\\/4596892b35b2571ef453edf34849b1610aa5ef9a\"}', '{\"thumbnail\":\"xxx\\/558c5683b8823d013752a41dec6ee869e98a945f\"}'),
(78, '8eccf764-6e70-4840-a137-88e24abb8142', 13, 'Update', 'App\\Event', 15, 'App\\Event', 15, 'App\\Event', 15, '', 'finished', '', '2019-10-03 12:35:50', '2019-10-03 12:35:50', '{\"thumbnail\":\"xxx\\/558c5683b8823d013752a41dec6ee869e98a945f\"}', '{\"thumbnail\":\"xxx\\/df8a067363fced7d3fe83e8bda0bbc609eef61a0\"}'),
(79, '8eccf807-fd18-4496-a6d8-576acdc8c45e', 13, 'Update', 'App\\Event', 15, 'App\\Event', 15, 'App\\Event', 15, '', 'finished', '', '2019-10-03 12:37:37', '2019-10-03 12:37:37', '{\"thumbnail\":\"xxx\\/df8a067363fced7d3fe83e8bda0bbc609eef61a0\"}', '{\"thumbnail\":\"xxx\\/OKOKKK\"}'),
(80, '8eccf835-8034-493b-b579-d5b9cf2166b0', 13, 'Update', 'App\\Event', 15, 'App\\Event', 15, 'App\\Event', 15, '', 'finished', '', '2019-10-03 12:38:07', '2019-10-03 12:38:07', '{\"thumbnail\":\"xxx\\/OKOKKK\"}', '{\"thumbnail\":\"OKOKKK\"}'),
(81, '8eccf896-7e40-4599-8800-12d0ba056d7c', 13, 'Update', 'App\\Event', 15, 'App\\Event', 15, 'App\\Event', 15, '', 'finished', '', '2019-10-03 12:39:10', '2019-10-03 12:39:10', '{\"thumbnail\":\"OKOKKK\"}', '{\"thumbnail\":\"cat2.jpg\"}'),
(82, '8eccf984-580e-4d45-bb4a-7b096f7dd43a', 13, 'Update', 'App\\Event', 15, 'App\\Event', 15, 'App\\Event', 15, '', 'finished', '', '2019-10-03 12:41:46', '2019-10-03 12:41:46', '{\"thumbnail\":\"cat2.jpg\"}', '{\"thumbnail\":\"921a9f3ec8113a6779711170e220ed816ce61ea7\"}'),
(83, '8eccfca1-a776-48eb-b4cc-99ca7c3649cb', 13, 'Update', 'App\\Event', 15, 'App\\Event', 15, 'App\\Event', 15, '', 'finished', '', '2019-10-03 12:50:29', '2019-10-03 12:50:29', '{\"thumbnail\":\"921a9f3ec8113a6779711170e220ed816ce61ea7\"}', '{\"thumbnail\":\"path\\/\\/c56cfe51baf738eecfe4fabb950c6559a35cf122\"}'),
(84, '8eccfe07-aa4e-4a0e-935a-398b8058e1cf', 13, 'Update', 'App\\Event', 15, 'App\\Event', 15, 'App\\Event', 15, '', 'finished', '', '2019-10-03 12:54:23', '2019-10-03 12:54:23', '{\"image\":\"GdSpPRdb66GCZRaGcOiw5ec2ZUAOwwKmLnTzPLtF.png\"}', '{\"image\":\"HRZPljym9Zjzt6wKC6cfaMHsnmdfQeaywRefpKAs.jpeg\"}'),
(85, '8eccff65-9846-40c7-9ddf-5ba4924eae34', 13, 'Update', 'App\\Event', 15, 'App\\Event', 15, 'App\\Event', 15, '', 'finished', '', '2019-10-03 12:58:13', '2019-10-03 12:58:13', '{\"image\":\"HRZPljym9Zjzt6wKC6cfaMHsnmdfQeaywRefpKAs.jpeg\"}', '{\"image\":\"OhJYgTjEcOmjJexTLMDfFHkZwgco3UmYLQN3Tzla.png\"}'),
(86, '8ecd0093-bc9e-4c50-8623-86fdac09c410', 13, 'Create', 'App\\Event', 20, 'App\\Event', 20, 'App\\Event', 20, '', 'finished', '', '2019-10-03 13:01:31', '2019-10-03 13:01:31', NULL, '{\"title\":\"wwxwxcwxc\",\"image\":\"puAullqX1o49XdQVHnSZSeaNDDnysxgqqmBHr2oc.jpeg\",\"thumbnail\":\"012cb9de814c83b7551f62ba96bc6c107b9891e7\",\"description\":\"<div>qsdqsdqsd<\\/div>\",\"start_date\":\"2019-10-22 11:00:00\",\"end_date\":\"2019-10-24 11:00:00\",\"updated_at\":\"2019-10-03 14:01:31\",\"created_at\":\"2019-10-03 14:01:31\",\"id\":20}'),
(87, '8ecd00e5-b6c4-4ca1-8cf5-a4a99b8a54e5', 13, 'Create', 'App\\News', 23, 'App\\News', 23, 'App\\News', 23, '', 'finished', '', '2019-10-03 13:02:24', '2019-10-03 13:02:24', NULL, '{\"title\":\"qsdqsd\",\"description\":\"<div>qsdqsd<\\/div>\",\"image\":\"XlFWUH7WBZHa1UbiFMFZdPzkZyL9WjtAzB8cdvdS.jpeg\",\"thumbnail\":\"e8124992cba9e6f52ea6829beb0bc1f3aa728a0e\",\"updated_at\":\"2019-10-03 14:02:24\",\"created_at\":\"2019-10-03 14:02:24\",\"id\":23}'),
(88, '8ecd0763-ae7b-491e-8c9a-2970b9c3cacb', 13, 'Create', 'App\\Partner', 8, 'App\\Partner', 8, 'App\\Partner', 8, '', 'finished', '', '2019-10-03 13:20:34', '2019-10-03 13:20:34', NULL, '{\"name\":\"Adidas-1\",\"logo\":\"I5VipzA2xBpsQk2UDyWfA1vIMya6i2ZhJyXbV0ua.png\",\"updated_at\":\"2019-10-03 14:20:34\",\"created_at\":\"2019-10-03 14:20:34\",\"id\":8}'),
(89, '8ecd0d22-ea15-441c-86de-f03194da2090', 13, 'Create', 'App\\Product', 11, 'App\\Product', 11, 'App\\Product', 11, '', 'finished', '', '2019-10-03 13:36:38', '2019-10-03 13:36:38', NULL, '{\"name\":\"Boxing Gloves BX1\",\"price\":\"20\",\"image\":\"IfhkFr8OLyag4jngfGSucaPqypbwwd5odL9wCnw0.png\",\"thumbnail\":\"QiNc4b6rL8kV738DWZjCyyOve0uSBhqz8mvbNYNo.png\",\"rating\":\"5\",\"updated_at\":\"2019-10-03 14:36:38\",\"created_at\":\"2019-10-03 14:36:38\",\"id\":11}'),
(90, '8ecd0daa-85c4-4dcc-ba94-f04562ac8196', 13, 'Create', 'App\\Product', 12, 'App\\Product', 12, 'App\\Product', 12, '', 'finished', '', '2019-10-03 13:38:07', '2019-10-03 13:38:07', NULL, '{\"name\":\"Boxing Gloves\",\"price\":\"121\",\"image\":\"xdIwGqiXqxcJj1Y4YKFvPyd4th7sfeOc1s3RCfkL.png\",\"thumbnail\":\"08ed4857a68fb8d1a95d2f0fe4f49d73a98b421d\",\"rating\":\"5\",\"updated_at\":\"2019-10-03 14:38:07\",\"created_at\":\"2019-10-03 14:38:07\",\"id\":12}');
INSERT INTO `action_events` (`id`, `batch_id`, `user_id`, `name`, `actionable_type`, `actionable_id`, `target_type`, `target_id`, `model_type`, `model_id`, `fields`, `status`, `exception`, `created_at`, `updated_at`, `original`, `changes`) VALUES
(91, '8ecd3fc6-d169-4252-a32b-44336d802567', 13, 'Create', 'App\\Event', 21, 'App\\Event', 21, 'App\\Event', 21, '', 'finished', '', '2019-10-03 15:58:14', '2019-10-03 15:58:14', NULL, '{\"title\":\"EVENT ltesting\",\"image\":\"XfDgFSsEDWWA1ZCfCkqSkcsdSGQsNFGUuU6RQGaH.png\",\"thumbnail\":\"8209843f0ae76d86e912bb6a7a19f3c3766c5142\",\"description\":\"<div><strong><br>Tunisia<\\/strong>,<a href=\\\"https:\\/\\/en.wikipedia.org\\/wiki\\/Tunisia#cite_note-18\\\">[a]<\\/a> officially the Tunisian Republic,<a href=\\\"https:\\/\\/en.wikipedia.org\\/wiki\\/Tunisia#cite_note-19\\\">[18]<\\/a><a href=\\\"https:\\/\\/en.wikipedia.org\\/wiki\\/Tunisia#cite_note-20\\\">[b]<\\/a> is a country in the <a href=\\\"https:\\/\\/en.wikipedia.org\\/wiki\\/Maghreb\\\">Maghreb<\\/a> region of <a href=\\\"https:\\/\\/en.wikipedia.org\\/wiki\\/North_Africa\\\">North Africa<\\/a>, covering 163,610 square kilometres (63,170 square miles). Its northernmost point, <a href=\\\"https:\\/\\/en.wikipedia.org\\/wiki\\/Cape_Angela\\\">Cape Angela<\\/a>, is the northernmost point on the African continent. It is bordered by <a href=\\\"https:\\/\\/en.wikipedia.org\\/wiki\\/Algeria\\\">Algeria<\\/a> to the west and southwest, <a href=\\\"https:\\/\\/en.wikipedia.org\\/wiki\\/Libya\\\">Libya<\\/a> to the southeast, and the <a href=\\\"https:\\/\\/en.wikipedia.org\\/wiki\\/Mediterranean_Sea\\\">Mediterranean Sea<\\/a> to the north and east. Tunisia\'s population was 11.435 million in 2017.<a href=\\\"https:\\/\\/en.wikipedia.org\\/wiki\\/Tunisia#cite_note-ins-12\\\">[12]<\\/a> Tunisia\'s name is derived from its capital city, <a href=\\\"https:\\/\\/en.wikipedia.org\\/wiki\\/Tunis\\\">Tunis<\\/a>, which is located on its northeast coast.<br><br><\\/div><div><br>Geographically, Tunisia contains the eastern end of the <a href=\\\"https:\\/\\/en.wikipedia.org\\/wiki\\/Atlas_Mountains\\\">Atlas Mountains<\\/a>, and the northern reaches of the <a href=\\\"https:\\/\\/en.wikipedia.org\\/wiki\\/Sahara\\\">Sahara<\\/a> desert. Much of the rest of the country\'s land is fertile soil. Its 1,300 kilometres (810 miles) of coastline include the African conjunction of the western and eastern parts of the <a href=\\\"https:\\/\\/en.wikipedia.org\\/wiki\\/Mediterranean_Basin\\\">Mediterranean Basin<\\/a> and, by means of the <a href=\\\"https:\\/\\/en.wikipedia.org\\/wiki\\/Sicilian_Strait\\\">Sicilian Strait<\\/a> and <a href=\\\"https:\\/\\/en.wikipedia.org\\/wiki\\/Sardinia\\\">Sardinian<\\/a> Channel, feature the African mainland\'s second and third nearest points to Europe after <a href=\\\"https:\\/\\/en.wikipedia.org\\/wiki\\/Gibraltar\\\">Gibraltar<\\/a>.<br><br><\\/div><div><br>Tunisia is a <a href=\\\"https:\\/\\/en.wikipedia.org\\/wiki\\/Unitary_state\\\">unitary<\\/a> <a href=\\\"https:\\/\\/en.wikipedia.org\\/wiki\\/Semi-presidential_system\\\">semi-presidential<\\/a> <a href=\\\"https:\\/\\/en.wikipedia.org\\/wiki\\/Representative_democracy\\\">representative democratic<\\/a> <a href=\\\"https:\\/\\/en.wikipedia.org\\/wiki\\/Republic\\\">republic<\\/a>. It is considered to be the only fully democratic <a href=\\\"https:\\/\\/en.wikipedia.org\\/wiki\\/Sovereign_state\\\">sovereign state<\\/a> in the <a href=\\\"https:\\/\\/en.wikipedia.org\\/wiki\\/Arab_world\\\">Arab world<\\/a>.<a href=\\\"https:\\/\\/en.wikipedia.org\\/wiki\\/Tunisia#cite_note-21\\\">[19]<\\/a><a href=\\\"https:\\/\\/en.wikipedia.org\\/wiki\\/Tunisia#cite_note-22\\\">[20]<\\/a> It has a high <a href=\\\"https:\\/\\/en.wikipedia.org\\/wiki\\/Human_development_index\\\">human development index<\\/a>.<a href=\\\"https:\\/\\/en.wikipedia.org\\/wiki\\/Tunisia#cite_note-HDI-15\\\">[15]<\\/a> It has an <a href=\\\"https:\\/\\/en.wikipedia.org\\/wiki\\/European_Union_Association_Agreement\\\">association agreement<\\/a> with the <a href=\\\"https:\\/\\/en.wikipedia.org\\/wiki\\/European_Union\\\">European Union<\\/a>; is a member of <a href=\\\"https:\\/\\/en.wikipedia.org\\/wiki\\/La_Francophonie\\\">La Francophonie<\\/a>, the <a href=\\\"https:\\/\\/en.wikipedia.org\\/wiki\\/Union_for_the_Mediterranean\\\">Union for the Mediterranean<\\/a>, the <a href=\\\"https:\\/\\/en.wikipedia.org\\/wiki\\/Common_Market_for_Eastern_and_Southern_Africa\\\">Common Market for Eastern and Southern Africa<\\/a>, the <a href=\\\"https:\\/\\/en.wikipedia.org\\/wiki\\/Arab_Maghreb_Union\\\">Arab Maghreb Union<\\/a>, the <a href=\\\"https:\\/\\/en.wikipedia.org\\/wiki\\/Arab_League\\\">Arab League<\\/a>, the <a href=\\\"https:\\/\\/en.wikipedia.org\\/wiki\\/OIC\\\">OIC<\\/a>, the <a href=\\\"https:\\/\\/en.wikipedia.org\\/wiki\\/Greater_Arab_Free_Trade_Area\\\">Greater Arab Free Trade Area<\\/a>, the <a href=\\\"https:\\/\\/en.wikipedia.org\\/wiki\\/Community_of_Sahel-Saharan_States\\\">Community of Sahel-Saharan States<\\/a>, the <a href=\\\"https:\\/\\/en.wikipedia.org\\/wiki\\/African_Union\\\">African Union<\\/a>, the <a href=\\\"https:\\/\\/en.wikipedia.org\\/wiki\\/Non-Aligned_Movement\\\">Non-Aligned Movement<\\/a>, the <a href=\\\"https:\\/\\/en.wikipedia.org\\/wiki\\/Group_of_77\\\">Group of 77<\\/a>; and has obtained the status of <a href=\\\"https:\\/\\/en.wikipedia.org\\/wiki\\/Major_non-NATO_ally\\\">major non-NATO ally<\\/a> of the United States. In addition, Tunisia is also a <a href=\\\"https:\\/\\/en.wikipedia.org\\/wiki\\/Member_states_of_the_United_Nations\\\">member state<\\/a> of the <a href=\\\"https:\\/\\/en.wikipedia.org\\/wiki\\/United_Nations\\\">United Nations<\\/a> and a <a href=\\\"https:\\/\\/en.wikipedia.org\\/wiki\\/States_parties_to_the_Rome_Statute_of_the_International_Criminal_Court\\\">state party<\\/a> to the <a href=\\\"https:\\/\\/en.wikipedia.org\\/wiki\\/Rome_Statute_of_the_International_Criminal_Court\\\">Rome Statute of the International Criminal Court<\\/a>. Close relations with Europe, in particular <a href=\\\"https:\\/\\/en.wikipedia.org\\/wiki\\/France%E2%80%93Tunisia_relations\\\">with France<\\/a><a href=\\\"https:\\/\\/en.wikipedia.org\\/wiki\\/Tunisia#cite_note-23\\\">[21]<\\/a> and <a href=\\\"https:\\/\\/en.wikipedia.org\\/wiki\\/Italy%E2%80%93Tunisia_relations\\\">with Italy<\\/a>,<a href=\\\"https:\\/\\/en.wikipedia.org\\/wiki\\/Tunisia#cite_note-24\\\">[22]<\\/a><a href=\\\"https:\\/\\/en.wikipedia.org\\/wiki\\/Tunisia#cite_note-25\\\">[23]<\\/a> have been forged through economic cooperation, <a href=\\\"https:\\/\\/en.wikipedia.org\\/wiki\\/Privatisation\\\">privatisation<\\/a> and industrial modernization.<br><br><\\/div>\",\"start_date\":\"2019-10-30 11:00:00\",\"end_date\":\"2019-10-30 11:00:00\",\"updated_at\":\"2019-10-03 16:58:14\",\"created_at\":\"2019-10-03 16:58:14\",\"id\":21}'),
(92, '8ecd3fea-7a94-48a6-bbc4-4724d2506e7f', 13, 'Create', 'App\\Fight', 9, 'App\\Fight', 9, 'App\\Fight', 9, '', 'finished', '', '2019-10-03 15:58:37', '2019-10-03 15:58:37', NULL, '{\"title\":\"Hello\",\"description\":\"Hello world\",\"date\":\"2019-10-15 11:00:00\",\"location\":\"Tunsiia\",\"image\":\"A89bmpyzdgVcJYfIKlJpxH2BC6mK6l4YhFXj5Jzq.png\",\"thumbnail\":\"JQ0Nd3k8ym4dZLXTkPVdozBb6hiLuyAOtPToZqzJ.png\",\"updated_at\":\"2019-10-03 16:58:37\",\"created_at\":\"2019-10-03 16:58:37\",\"id\":9}'),
(93, '8ecd4178-e114-400e-85b5-c5462c3c4d20', 13, 'Delete', 'App\\Fight', 9, 'App\\Fight', 9, 'App\\Fight', 9, '', 'finished', '', '2019-10-03 16:02:58', '2019-10-03 16:02:58', NULL, NULL),
(94, '8ecd419d-12f6-4d8d-8dbd-8e0db0362680', 13, 'Create', 'App\\Boxer', 3, 'App\\Boxer', 3, 'App\\Boxer', 3, '', 'finished', '', '2019-10-03 16:03:22', '2019-10-03 16:03:22', NULL, '{\"avatar\":\"LHCQQqQLIoQIQFX6Xw4u5vL1ZDJQ6tW8ItI4kmOl.jpeg\",\"user_id\":14,\"nickname\":\"Nickname\",\"slogan\":\"Slogan\",\"hometown\":\"Hometown\",\"height\":\"33\",\"weight\":\"33\",\"updated_at\":\"2019-10-03 17:03:22\",\"created_at\":\"2019-10-03 17:03:22\",\"id\":3}'),
(95, '8ecd438c-b0a9-4a14-85a6-613f861e3afa', 13, 'Create', 'App\\Boxer', 4, 'App\\Boxer', 4, 'App\\Boxer', 4, '', 'finished', '', '2019-10-03 16:08:47', '2019-10-03 16:08:47', NULL, '{\"avatar\":\"0UMtynWo3y3hIVeV4xIjvsxQcqZZBv6ZAWD2HqAa.jpeg\",\"user_id\":15,\"nickname\":\"DDDD\",\"slogan\":\"DDDD\",\"hometown\":\"D\",\"height\":\"11\",\"weight\":\"11\",\"updated_at\":\"2019-10-03 17:08:47\",\"created_at\":\"2019-10-03 17:08:47\",\"id\":4}'),
(96, '8ecd4429-26b4-4221-b89a-46e57bc3202b', 13, 'Delete', 'App\\Event', 7, 'App\\Event', 7, 'App\\Event', 7, '', 'finished', '', '2019-10-03 16:10:29', '2019-10-03 16:10:29', NULL, NULL),
(97, '8ecd4457-8fd2-43cd-aee5-59d3301190b6', 13, 'Delete', 'App\\Event', 8, 'App\\Event', 8, 'App\\Event', 8, '', 'finished', '', '2019-10-03 16:11:00', '2019-10-03 16:11:00', NULL, NULL),
(98, '8ecd4457-9107-417a-a204-7c1fbb104a85', 13, 'Delete', 'App\\Event', 9, 'App\\Event', 9, 'App\\Event', 9, '', 'finished', '', '2019-10-03 16:11:00', '2019-10-03 16:11:00', NULL, NULL),
(99, '8ecd4457-91cb-4d6f-99eb-e6208944b87b', 13, 'Delete', 'App\\Event', 10, 'App\\Event', 10, 'App\\Event', 10, '', 'finished', '', '2019-10-03 16:11:00', '2019-10-03 16:11:00', NULL, NULL),
(100, '8ecd4457-928c-423a-b065-9b0d244d2180', 13, 'Delete', 'App\\Event', 11, 'App\\Event', 11, 'App\\Event', 11, '', 'finished', '', '2019-10-03 16:11:00', '2019-10-03 16:11:00', NULL, NULL),
(101, '8ecd4457-9341-432d-80b1-62f3779c1259', 13, 'Delete', 'App\\Event', 12, 'App\\Event', 12, 'App\\Event', 12, '', 'finished', '', '2019-10-03 16:11:00', '2019-10-03 16:11:00', NULL, NULL),
(102, '8ecd4467-9f58-4558-8d99-c2d03d48b3f7', 13, 'Delete', 'App\\Event', 16, 'App\\Event', 16, 'App\\Event', 16, '', 'finished', '', '2019-10-03 16:11:10', '2019-10-03 16:11:10', NULL, NULL),
(103, '8ecd447b-f35d-4e69-b6d2-d01d5f10a4c9', 13, 'Delete', 'App\\Event', 13, 'App\\Event', 13, 'App\\Event', 13, '', 'finished', '', '2019-10-03 16:11:24', '2019-10-03 16:11:24', NULL, NULL),
(104, '8ecd4491-b4d7-4f90-94c5-e8e3a96d23e2', 13, 'Delete', 'App\\Event', 15, 'App\\Event', 15, 'App\\Event', 15, '', 'finished', '', '2019-10-03 16:11:38', '2019-10-03 16:11:38', NULL, NULL),
(105, '8ecd48a7-21ff-4aa2-8ba5-28e93e657b97', 13, 'Create', 'App\\Fight', 10, 'App\\Fight', 10, 'App\\Fight', 10, '', 'finished', '', '2019-10-03 16:23:03', '2019-10-03 16:23:03', NULL, '{\"title\":\"FIGHT?\",\"description\":\"fight\",\"date\":\"2019-10-16 11:00:00\",\"location\":\"TOUNS\",\"image\":\"y382quel9ZS3y8f4kHy6oHRfZlnGAxl7dJRYPzjT.png\",\"thumbnail\":\"Sw12MuGDjlbetJ3WyjdYcFTe1RN57uR79P58RtV5.png\",\"updated_at\":\"2019-10-03 17:23:03\",\"created_at\":\"2019-10-03 17:23:03\",\"id\":10}'),
(106, '8ecd491a-7050-4d46-86b0-e78c593604f6', 13, 'Update', 'App\\Fight', 10, 'App\\Fight', 10, 'App\\Fight', 10, '', 'finished', '', '2019-10-03 16:24:19', '2019-10-03 16:24:19', '[]', '[]'),
(107, '8ecd49a3-de8d-4084-b4d5-427c5901ace1', 13, 'Update', 'App\\Product', 12, 'App\\Product', 12, 'App\\Product', 12, '', 'finished', '', '2019-10-03 16:25:49', '2019-10-03 16:25:49', '{\"rating\":\"5\"}', '{\"rating\":\"2\"}'),
(108, '8ecd49b9-4bd4-43b7-833b-a230baec1736', 13, 'Update', 'App\\Product', 8, 'App\\Product', 8, 'App\\Product', 8, '', 'finished', '', '2019-10-03 16:26:03', '2019-10-03 16:26:03', '{\"rating\":\"5\"}', '{\"rating\":\"3\"}'),
(109, '8ecd49c4-5bb2-4707-902b-0fc75cc98a02', 13, 'Update', 'App\\Product', 11, 'App\\Product', 11, 'App\\Product', 11, '', 'finished', '', '2019-10-03 16:26:10', '2019-10-03 16:26:10', '{\"rating\":\"5\"}', '{\"rating\":\"1\"}'),
(110, '8ecea5e3-e802-4c04-a024-38e2d439ca0c', 13, 'Create', 'App\\Product', 13, 'App\\Product', 13, 'App\\Product', 13, '', 'finished', '', '2019-10-04 08:39:35', '2019-10-04 08:39:35', NULL, '{\"name\":\"xks\",\"price\":\"1000\",\"image\":\"1TBNBZV6WaGRnSvy3l083Pk2vUfg6KRhKh9Y6kXJ.png\",\"thumbnail\":\"2f993419d6afb9fac9950aea79cdae1a42290b2e\",\"rating\":\"5\",\"updated_at\":\"2019-10-04 09:39:35\",\"created_at\":\"2019-10-04 09:39:35\",\"id\":13}'),
(111, '8eceddec-c038-40a1-a40c-3bbfe6c1d1f7', 13, 'Create', 'App\\Product', 1, 'App\\Product', 1, 'App\\Product', 1, '', 'finished', '', '2019-10-04 11:16:16', '2019-10-04 11:16:16', NULL, '{\"category_id\":1,\"name\":\"Boxing Gloves\",\"price\":\"30\",\"image\":\"rvzBLthVm48o8DQRcU8wWm2CDd9DyEiZE2KoCcod.png\",\"thumbnail\":\"5b550a58c41c768342a63fe38371200e16a49205\",\"rating\":\"5\",\"updated_at\":\"2019-10-04 12:16:16\",\"created_at\":\"2019-10-04 12:16:16\",\"id\":1}'),
(112, '8ecede7b-4752-4330-b420-8df8285353ac', 13, 'Create', 'App\\Product', 2, 'App\\Product', 2, 'App\\Product', 2, '', 'finished', '', '2019-10-04 11:17:50', '2019-10-04 11:17:50', NULL, '{\"category_id\":2,\"name\":\"Everlast box pear leather\",\"price\":\"145\",\"image\":\"hMcjma9dVJHhZs5ytrAueXxvxyC0Y35ZQ7TIZd4y.jpeg\",\"thumbnail\":\"561303f044185855756ca5073b5706f23f127a19\",\"rating\":\"4\",\"updated_at\":\"2019-10-04 12:17:50\",\"created_at\":\"2019-10-04 12:17:50\",\"id\":2}'),
(113, '8ecedf38-a986-4c7a-b5b3-d12e15962f74', 13, 'Create', 'App\\Product', 3, 'App\\Product', 3, 'App\\Product', 3, '', 'finished', '', '2019-10-04 11:19:54', '2019-10-04 11:19:54', NULL, '{\"category_id\":3,\"name\":\"Booster fight gear\",\"price\":\"200\",\"image\":\"sniGV0DWg9PyXxHsE9uKZnXc9E1TFQRHWk7w9TlQ.jpeg\",\"thumbnail\":\"64ceb467b8cd4f17681171ea2c0af9c2054309f3\",\"rating\":\"5\",\"updated_at\":\"2019-10-04 12:19:54\",\"created_at\":\"2019-10-04 12:19:54\",\"id\":3}'),
(114, '8ecedfd0-2d19-4320-85b1-e51777c93e87', 13, 'Create', 'App\\Product', 4, 'App\\Product', 4, 'App\\Product', 4, '', 'finished', '', '2019-10-04 11:21:33', '2019-10-04 11:21:33', NULL, '{\"category_id\":1,\"name\":\"Inner Boxing gloves\",\"price\":\"20\",\"image\":\"FW2mdoJzqeJ9sKqPCVksxycAOJj4VemyWOInt39E.png\",\"thumbnail\":\"a05bc0406cf49479143616b7ab786392c4103b73\",\"rating\":\"5\",\"updated_at\":\"2019-10-04 12:21:33\",\"created_at\":\"2019-10-04 12:21:33\",\"id\":4}'),
(115, '8ecee01e-9dbb-4398-83c2-8e06fdffdcea', 13, 'Create', 'App\\Product', 5, 'App\\Product', 5, 'App\\Product', 5, '', 'finished', '', '2019-10-04 11:22:25', '2019-10-04 11:22:25', NULL, '{\"category_id\":3,\"name\":\"Face Training headgear\",\"price\":\"15\",\"image\":\"dp331EQu7bcRdtCMJtkkZYXNu2xsnVV8MO1QIXH1.png\",\"thumbnail\":\"85d00006dc7e76125de1db2678fcb7c4bfd7fed6\",\"rating\":\"4\",\"updated_at\":\"2019-10-04 12:22:25\",\"created_at\":\"2019-10-04 12:22:25\",\"id\":5}'),
(116, '8ecee06c-489c-496a-86ca-256bea960abe', 13, 'Create', 'App\\Product', 6, 'App\\Product', 6, 'App\\Product', 6, '', 'finished', '', '2019-10-04 11:23:16', '2019-10-04 11:23:16', NULL, '{\"category_id\":2,\"name\":\"Foam sticks v30\",\"price\":\"152\",\"image\":\"7lX5iRxme0x0HZOcH5Wvf9Le7JzNBOeYJBmSDI5X.jpeg\",\"thumbnail\":\"401a6a864236667f4fcf366638bb064d27770e4c\",\"rating\":\"5\",\"updated_at\":\"2019-10-04 12:23:15\",\"created_at\":\"2019-10-04 12:23:15\",\"id\":6}'),
(117, '8ecee675-00ad-440b-aa27-54f9a98c6e58', 13, 'Create', 'App\\Product', 7, 'App\\Product', 7, 'App\\Product', 7, '', 'finished', '', '2019-10-04 11:40:08', '2019-10-04 11:40:08', NULL, '{\"category_id\":1,\"name\":\"Old medicine ball\",\"price\":\"300\",\"image\":\"BbkSBPRC7r8AOKevAtcF93LHVrcmcmmxNC9feaRC.jpeg\",\"thumbnail\":\"9d1588ab4317eaaaf38b9f2c5c12a67c47005b03\",\"rating\":null,\"updated_at\":\"2019-10-04 12:40:08\",\"created_at\":\"2019-10-04 12:40:08\",\"id\":7}'),
(118, '8ecee69b-da58-42a6-9667-08f34bf62d43', 13, 'Update', 'App\\Category', 3, 'App\\Category', 3, 'App\\Category', 3, '', 'finished', '', '2019-10-04 11:40:33', '2019-10-04 11:40:33', '{\"name\":\"Category 3\"}', '{\"name\":\"Entrainement\"}'),
(119, '8ecee6f2-2831-4b94-822d-ef7a19bf2201', 13, 'Update', 'App\\Category', 2, 'App\\Category', 2, 'App\\Category', 2, '', 'finished', '', '2019-10-04 11:41:30', '2019-10-04 11:41:30', '{\"name\":\"Category 2\"}', '{\"name\":\"\\u00c9quipement\"}'),
(120, '8ecee719-c320-4fdb-b024-6cd6c67e236b', 13, 'Update', 'App\\Category', 1, 'App\\Category', 1, 'App\\Category', 1, '', 'finished', '', '2019-10-04 11:41:56', '2019-10-04 11:41:56', '{\"name\":\"Category 1\"}', '{\"name\":\"Accessoires\"}'),
(121, '8ecee9de-778f-4735-96b4-ed3429b0e0f5', 13, 'Create', 'App\\Product', 8, 'App\\Product', 8, 'App\\Product', 8, '', 'finished', '', '2019-10-04 11:49:40', '2019-10-04 11:49:40', NULL, '{\"category_id\":1,\"name\":\"Boxing Trunk\",\"price\":\"202\",\"image\":\"UNh8tylFkJh3yaucYSB7gJoRUxjp5R5r96RhG8wS.jpeg\",\"thumbnail\":\"4e65380daf79ce29178c5d9a31906dbffcb86864\",\"rating\":null,\"updated_at\":\"2019-10-04 12:49:40\",\"created_at\":\"2019-10-04 12:49:40\",\"id\":8}'),
(122, '8eceebca-69af-4d30-bc94-cf6bbef0e89a', 13, 'Create', 'App\\Product', 9, 'App\\Product', 9, 'App\\Product', 9, '', 'finished', '', '2019-10-04 11:55:03', '2019-10-04 11:55:03', NULL, '{\"category_id\":1,\"name\":\"sdqsdqsd\",\"price\":\"22\",\"image\":\"VdBuAqm7XUiezugPJHfseCVC2lgmBNUZ8gIMEswK.jpeg\",\"thumbnail\":\"63d5b1ca94ae5ecef8fa08d06f1fe5f9735c7c91\",\"updated_at\":\"2019-10-04 12:55:03\",\"created_at\":\"2019-10-04 12:55:03\",\"id\":9}'),
(123, '8eceebda-e9cf-4048-af84-781773385118', 13, 'Delete', 'App\\Product', 9, 'App\\Product', 9, 'App\\Product', 9, '', 'finished', '', '2019-10-04 11:55:13', '2019-10-04 11:55:13', NULL, NULL),
(124, '8ecef9be-a232-42fe-b45a-1e78e503607f', 13, 'Create', 'App\\PrestigeVideo', 10, 'App\\PrestigeVideo', 10, 'App\\PrestigeVideo', 10, '', 'finished', '', '2019-10-04 12:34:04', '2019-10-04 12:34:04', NULL, '{\"link\":\"https:\\/\\/www.youtube.com\\/watch?v=tECeevab1Oo\",\"updated_at\":\"2019-10-04 13:34:04\",\"created_at\":\"2019-10-04 13:34:04\",\"id\":10}'),
(125, '8ecefe4f-4577-4532-815d-573b068c3956', 13, 'Update', 'App\\Brand', 1, 'App\\Brand', 1, 'App\\Brand', 1, '', 'finished', '', '2019-10-04 12:46:50', '2019-10-04 12:46:50', '{\"name\":\"Boxing gloves BX1\"}', '{\"name\":\"Adidas\"}'),
(128, '8ecf0008-0efd-40e0-a573-b3347bcd1018', 13, 'Update', 'App\\Product', 8, 'App\\Product', 8, 'App\\Product', 8, '', 'finished', '', '2019-10-04 12:51:39', '2019-10-04 12:51:39', '[]', '[]'),
(129, '8ecf004f-1042-4203-9467-20b52df066ac', 13, 'Create', 'App\\Brand', 2, 'App\\Brand', 2, 'App\\Brand', 2, '', 'finished', '', '2019-10-04 12:52:25', '2019-10-04 12:52:25', NULL, '{\"name\":\"Nike\",\"logo\":\"kVErdlySdbq4BAg9G4OZ5WAtXlqvsXsIFUpIX1gd.jpeg\",\"thumbnail\":\"2de7fe4fa3fe51ff24cc0baf4f4b09c4e2385113\",\"updated_at\":\"2019-10-04 13:52:25\",\"created_at\":\"2019-10-04 13:52:25\",\"id\":2}'),
(130, '8ecf0088-c80a-465c-ad80-e08032d92de9', 13, 'Create', 'App\\Brand', 3, 'App\\Brand', 3, 'App\\Brand', 3, '', 'finished', '', '2019-10-04 12:53:03', '2019-10-04 12:53:03', NULL, '{\"name\":\"Lacoste\",\"logo\":\"FX2DvqQjjLexbD05okU5sBGsp7eVC4SNTxmdCaJX.jpeg\",\"thumbnail\":\"a8d6c2df6f8e3fa9aac112a53f102f8a08346acc\",\"updated_at\":\"2019-10-04 13:53:03\",\"created_at\":\"2019-10-04 13:53:03\",\"id\":3}'),
(131, '8ecf08f7-3cd9-43cf-a46d-3ed358bbc4a9', 13, 'Create', 'App\\Product', 10, 'App\\Product', 10, 'App\\Product', 10, '', 'finished', '', '2019-10-04 13:16:37', '2019-10-04 13:16:37', NULL, '{\"name\":\"Boxing gloves\",\"category_id\":2,\"brand_id\":2,\"price\":\"450\",\"image\":\"OBBf1kn1FUpIYZnFDOZHewuImdLQkaR0Uv5ogF3p.jpeg\",\"thumbnail\":\"7935b4799e5f36efee5f697714509fd6931cd9f7\",\"updated_at\":\"2019-10-04 14:16:37\",\"created_at\":\"2019-10-04 14:16:37\",\"id\":10}'),
(132, '8ecf1bbd-eb14-4810-a873-4993cc333f36', 13, 'Create', 'App\\Slide', 1, 'App\\Slide', 1, 'App\\Slide', 1, '', 'finished', '', '2019-10-04 14:09:08', '2019-10-04 14:09:08', NULL, '{\"caption\":\"Lorem ipsum\",\"image\":\"K7aZ0QU7isewo4mUmsiZnk9VWdC2KrgXHQznPP7J.png\",\"thumbnail\":\"d90dd16844491b0b5be33faa15ed52abe854f5fa\",\"updated_at\":\"2019-10-04 15:09:08\",\"created_at\":\"2019-10-04 15:09:08\",\"id\":1}'),
(133, '8ecf1c1b-6602-4626-b636-a7f1a843723a', 13, 'Create', 'App\\Slide', 2, 'App\\Slide', 2, 'App\\Slide', 2, '', 'finished', '', '2019-10-04 14:10:09', '2019-10-04 14:10:09', NULL, '{\"caption\":\"Lorem ipsum\",\"image\":\"m0KKrW0H9eWKV33k7kCnhaGhxf5QlbL4cbf1V4x7.png\",\"thumbnail\":\"9968a3b1dc0e1a643ca543ca7dfab7f358f671c5\",\"updated_at\":\"2019-10-04 15:10:09\",\"created_at\":\"2019-10-04 15:10:09\",\"id\":2}'),
(134, '8ecf1c33-92a8-4d60-91fd-28937ad6943e', 13, 'Create', 'App\\Slide', 3, 'App\\Slide', 3, 'App\\Slide', 3, '', 'finished', '', '2019-10-04 14:10:25', '2019-10-04 14:10:25', NULL, '{\"caption\":\"Lorem ipsum\",\"image\":\"d7LKKSMEEXTdiyhb1QBRqConGUCr9TIfxdnZxWRi.png\",\"thumbnail\":\"81eb2630d872a916d48cd5a4cb82927e6504bca3\",\"updated_at\":\"2019-10-04 15:10:25\",\"created_at\":\"2019-10-04 15:10:25\",\"id\":3}'),
(135, '8ecf1cb1-0850-411e-a139-b595f164069b', 13, 'Update', 'App\\Slide', 3, 'App\\Slide', 3, 'App\\Slide', 3, '', 'finished', '', '2019-10-04 14:11:47', '2019-10-04 14:11:47', '{\"image\":\"d7LKKSMEEXTdiyhb1QBRqConGUCr9TIfxdnZxWRi.png\",\"thumbnail\":\"81eb2630d872a916d48cd5a4cb82927e6504bca3\"}', '{\"image\":\"MU8cgIhiF75th9CVHGZ8s8c4qYIYHEJeC76mxRah.jpeg\",\"thumbnail\":\"90acae13aa4b26bfced5f6745c3a7ded7fb0078e\"}'),
(136, '8ecf1cd3-8d66-4a20-aad2-39f0b0573f39', 13, 'Update', 'App\\Slide', 2, 'App\\Slide', 2, 'App\\Slide', 2, '', 'finished', '', '2019-10-04 14:12:10', '2019-10-04 14:12:10', '{\"image\":\"m0KKrW0H9eWKV33k7kCnhaGhxf5QlbL4cbf1V4x7.png\",\"thumbnail\":\"9968a3b1dc0e1a643ca543ca7dfab7f358f671c5\"}', '{\"image\":\"Iuxi8CB63IPAAkWEduno8iVQwMoXbdnMAfvtmbPm.jpeg\",\"thumbnail\":\"d9980e6a8c7e5d86ad0fcd0b435330d56e6194e6\"}'),
(137, '8ecf1ce5-62eb-48c0-8de9-d1a5ac884e03', 13, 'Update', 'App\\Slide', 1, 'App\\Slide', 1, 'App\\Slide', 1, '', 'finished', '', '2019-10-04 14:12:21', '2019-10-04 14:12:21', '{\"image\":\"K7aZ0QU7isewo4mUmsiZnk9VWdC2KrgXHQznPP7J.png\",\"thumbnail\":\"d90dd16844491b0b5be33faa15ed52abe854f5fa\"}', '{\"image\":\"jRFTkwtKNwu0QmbbdWoiDSPDEXBbw2HBF4imCI6T.jpeg\",\"thumbnail\":\"b8c7f52dd1574bd8c1580a846bb66c153cbc2e6f\"}'),
(138, '8ecf2a8f-af3e-46c2-9704-35a52ff07b1e', 13, 'Update', 'App\\Fight', 10, 'App\\Fight', 10, 'App\\Fight', 10, '', 'finished', '', '2019-10-04 14:50:34', '2019-10-04 14:50:34', '{\"title\":\"FIGHT?\"}', '{\"title\":\"FIGHT? \\u2604\\ufe0f \\u2604\\ufe0f \\u2604\\ufe0f\"}'),
(139, '8ed10c3c-e42e-4f93-9367-80702548e7f7', 13, 'Update', 'App\\Fight', 10, 'App\\Fight', 10, 'App\\Fight', 10, '', 'finished', '', '2019-10-05 13:17:26', '2019-10-05 13:17:26', '[]', '[]'),
(140, '8ed10c58-cd03-499d-a818-70a6689d0cc6', 13, 'Update', 'App\\Fight', 8, 'App\\Fight', 8, 'App\\Fight', 8, '', 'finished', '', '2019-10-05 13:17:44', '2019-10-05 13:17:44', '[]', '[]'),
(141, '8ed10c5f-e39c-49d1-92f2-8d765754cedf', 13, 'Update', 'App\\Fight', 7, 'App\\Fight', 7, 'App\\Fight', 7, '', 'finished', '', '2019-10-05 13:17:49', '2019-10-05 13:17:49', '[]', '[]'),
(142, '8ed10c65-77c0-4dba-ae58-94e6abee0d12', 13, 'Update', 'App\\Fight', 6, 'App\\Fight', 6, 'App\\Fight', 6, '', 'finished', '', '2019-10-05 13:17:52', '2019-10-05 13:17:52', '[]', '[]'),
(143, '8ed10c6b-0934-491c-89bc-0f31618e2f52', 13, 'Update', 'App\\Fight', 5, 'App\\Fight', 5, 'App\\Fight', 5, '', 'finished', '', '2019-10-05 13:17:56', '2019-10-05 13:17:56', '[]', '[]'),
(144, '8ed10c71-7e27-4643-85c4-decf2a3efc85', 13, 'Update', 'App\\Fight', 4, 'App\\Fight', 4, 'App\\Fight', 4, '', 'finished', '', '2019-10-05 13:18:00', '2019-10-05 13:18:00', '[]', '[]'),
(145, '8ed10c77-d046-48c7-af37-72094debc382', 13, 'Update', 'App\\Fight', 3, 'App\\Fight', 3, 'App\\Fight', 3, '', 'finished', '', '2019-10-05 13:18:04', '2019-10-05 13:18:04', '[]', '[]'),
(146, '8ed10c7f-8ec6-44e7-9694-0e288818ff1b', 13, 'Update', 'App\\Fight', 2, 'App\\Fight', 2, 'App\\Fight', 2, '', 'finished', '', '2019-10-05 13:18:09', '2019-10-05 13:18:09', '[]', '[]'),
(147, '8ed10c86-010d-4a4a-942c-be77996b57b6', 13, 'Update', 'App\\Fight', 1, 'App\\Fight', 1, 'App\\Fight', 1, '', 'finished', '', '2019-10-05 13:18:14', '2019-10-05 13:18:14', '[]', '[]'),
(148, '8ed10f39-d9c0-438a-a4cd-6cad8f4914d1', 13, 'Create', 'App\\Boxer', 5, 'App\\Boxer', 5, 'App\\Boxer', 5, '', 'finished', '', '2019-10-05 13:25:47', '2019-10-05 13:25:47', NULL, '{\"avatar\":\"ArYzNTYRAFPMT6SzAYXyvdkT9dEsScGBhdVYEAlo.jpeg\",\"user_id\":13,\"nickname\":\"Hamdios\",\"slogan\":\"Hamdios\",\"hometown\":\"Bekalta\",\"height\":\"2\",\"weight\":\"75\",\"updated_at\":\"2019-10-05 14:25:47\",\"created_at\":\"2019-10-05 14:25:47\",\"id\":5}'),
(149, '8ed10f62-91f4-4d15-a04d-258ac6affc96', 13, 'Update', 'App\\News', 23, 'App\\News', 23, 'App\\News', 23, '', 'finished', '', '2019-10-05 13:26:14', '2019-10-05 13:26:14', '[]', '[]'),
(150, '8ed10fa8-a0c4-444f-97bc-4c044e0f8f32', 13, 'Create', 'App\\Fight', 11, 'App\\Fight', 11, 'App\\Fight', 11, '', 'finished', '', '2019-10-05 13:27:00', '2019-10-05 13:27:00', NULL, '{\"title\":\"Best fight\",\"description\":\"Best fight\",\"date\":\"2019-10-22 11:00:00\",\"location\":\"Tunisia\",\"image\":\"xRNKNVDKGXLseEr3adDNazk4OfYHDBfeNq6dqcum.png\",\"thumbnail\":\"04557205ababd7355aba804df396dd6de815380b\",\"updated_at\":\"2019-10-05 14:27:00\",\"created_at\":\"2019-10-05 14:27:00\",\"id\":11}'),
(151, '8ed11029-8561-4575-b09b-9d9a993ff280', 13, 'Update', 'App\\Boxer', 4, 'App\\Boxer', 4, 'App\\Boxer', 4, '', 'finished', '', '2019-10-05 13:28:24', '2019-10-05 13:28:24', '{\"nickname\":\"DDDD\",\"slogan\":\"DDDD\",\"hometown\":\"D\",\"avatar\":\"0UMtynWo3y3hIVeV4xIjvsxQcqZZBv6ZAWD2HqAa.jpeg\"}', '{\"nickname\":\"Jon Jones\",\"slogan\":\"THE EAGLE\",\"hometown\":\"DAGESTAN\",\"avatar\":\"3TSMAYdHlb6RHRd2175odRYt5Eu5qYECR4kPWtb3.png\"}'),
(152, '8ed110a7-8b50-4a40-8ca4-2d0454c86245', 13, 'Update', 'App\\Boxer', 3, 'App\\Boxer', 3, 'App\\Boxer', 3, '', 'finished', '', '2019-10-05 13:29:47', '2019-10-05 13:29:47', '{\"nickname\":\"Nickname\",\"slogan\":\"Slogan\",\"hometown\":\"Hometown\"}', '{\"nickname\":\"MCGREGOR\",\"slogan\":\"MCGREGOR\",\"hometown\":\"DUBLIN\"}'),
(153, '8ed110cf-4752-4e71-b062-f1f7308a746e', 13, 'Update', 'App\\Boxer', 3, 'App\\Boxer', 3, 'App\\Boxer', 3, '', 'finished', '', '2019-10-05 13:30:13', '2019-10-05 13:30:13', '{\"avatar\":\"LHCQQqQLIoQIQFX6Xw4u5vL1ZDJQ6tW8ItI4kmOl.jpeg\"}', '{\"avatar\":\"K4NLBK5u6yoE7NC29yftaffEdSxVWzsQn1wsjSZ9.png\"}'),
(154, '8ed1113d-cd55-4850-a4bb-1237274510d9', 13, 'Update', 'App\\Boxer', 2, 'App\\Boxer', 2, 'App\\Boxer', 2, '', 'finished', '', '2019-10-05 13:31:25', '2019-10-05 13:31:25', '{\"nickname\":\"wxcwxc\",\"slogan\":\"SJNDJSND\",\"height\":1.8,\"hometown\":\"wxcwxc\",\"avatar\":\"5e465678bf309b15e559e8b1b9441e5bdada6b78.jpg\"}', '{\"nickname\":\"HENRY CEJUDO\",\"slogan\":\"HENRY CEJUDO\",\"height\":\"3\",\"hometown\":\"LOS ANGELES\",\"avatar\":\"aK8psYjJMzcVZm10HswBlfi62VLAtAySWgGRCXYM.png\"}'),
(155, '8ed111a8-a2a5-48c6-8e35-ae9ff198da02', 13, 'Update', 'App\\Boxer', 1, 'App\\Boxer', 1, 'App\\Boxer', 1, '', 'finished', '', '2019-10-05 13:32:35', '2019-10-05 13:32:35', '{\"nickname\":\"wxcwxc\",\"slogan\":\"SJNDJSND\",\"height\":1.8,\"hometown\":\"wxcwxc\",\"avatar\":\"e7d4aa4c0fcd6b1c203b0507f981f114f7195319.jpg\"}', '{\"nickname\":\"AMANDA NUNES\",\"slogan\":\"AMANDA NUNES\",\"height\":\"20\",\"hometown\":\"SALVADOR\",\"avatar\":\"twMrPfwyj2w5w2oe503nHN9Np3tSZtU9OhjRdKGJ.png\"}'),
(156, '8ed1137b-6c8c-4adb-aaef-fe1b170cab20', 13, 'Update', 'App\\Boxer', 4, 'App\\Boxer', 4, 'App\\Boxer', 4, '', 'finished', '', '2019-10-05 13:37:41', '2019-10-05 13:37:41', '{\"nickname\":\"Jon Jones\"}', '{\"nickname\":\"KHABIB NURMAGOMEDOV\"}'),
(157, '8ed13748-5d28-4b0f-9ca8-40ffcf9b23df', 13, 'Delete', 'App\\Boxer', 5, 'App\\Boxer', 5, 'App\\Boxer', 5, '', 'finished', '', '2019-10-05 15:17:47', '2019-10-05 15:17:47', NULL, NULL),
(158, '8ed13a95-1784-4977-a53d-33db951c6881', 13, 'Delete', 'App\\Boxer', 6, 'App\\Boxer', 6, 'App\\Boxer', 6, '', 'finished', '', '2019-10-05 15:27:01', '2019-10-05 15:27:01', NULL, NULL),
(159, '8ed13b6b-e1a6-4eb7-a6e5-4ae4d814b071', 13, 'Delete', 'App\\Fight', 11, 'App\\Fight', 11, 'App\\Fight', 11, '', 'finished', '', '2019-10-05 15:29:22', '2019-10-05 15:29:22', NULL, NULL),
(160, '8ed140b1-59b3-4fc6-b6e0-140800d33f7f', 13, 'Update', 'App\\Boxer', 1, 'App\\Boxer', 1, 'App\\Boxer', 1, '', 'finished', '', '2019-10-05 15:44:06', '2019-10-05 15:44:06', '{\"user_id\":11}', '{\"user_id\":5}'),
(161, '8ed140c7-7903-48a9-80a2-70a7919523b1', 13, 'Update', 'App\\Boxer', 1, 'App\\Boxer', 1, 'App\\Boxer', 1, '', 'finished', '', '2019-10-05 15:44:21', '2019-10-05 15:44:21', '{\"user_id\":5}', '{\"user_id\":11}'),
(162, '8ed14683-3660-413b-a44c-f0fe858b9a93', 13, 'Delete', 'App\\Boxer', 7, 'App\\Boxer', 7, 'App\\Boxer', 7, '', 'finished', '', '2019-10-05 16:00:23', '2019-10-05 16:00:23', NULL, NULL),
(163, '8ed1568e-753a-461e-9431-092c87389f04', 13, 'Delete', 'App\\Boxer', 8, 'App\\Boxer', 8, 'App\\Boxer', 8, '', 'finished', '', '2019-10-05 16:45:14', '2019-10-05 16:45:14', NULL, NULL),
(164, '8ed157d9-1601-439b-b678-fab488f18dba', 13, 'Delete', 'App\\Boxer', 9, 'App\\Boxer', 9, 'App\\Boxer', 9, '', 'finished', '', '2019-10-05 16:48:51', '2019-10-05 16:48:51', NULL, NULL),
(165, '8ed4b846-5f6d-44a6-91b3-495d48a9d9ea', 13, 'Delete', 'App\\Boxer', 5, 'App\\Boxer', 5, 'App\\Boxer', 5, '', 'finished', '', '2019-10-07 09:05:58', '2019-10-07 09:05:58', NULL, NULL),
(166, '8ed4b863-3efb-42d4-be19-dfe1acec1d5c', 13, 'Delete', 'App\\Boxer', 6, 'App\\Boxer', 6, 'App\\Boxer', 6, '', 'finished', '', '2019-10-07 09:06:17', '2019-10-07 09:06:17', NULL, NULL),
(167, '8ed4ba34-1c1b-4c31-9d61-df263c55b616', 13, 'Delete', 'App\\Boxer', 7, 'App\\Boxer', 7, 'App\\Boxer', 7, '', 'finished', '', '2019-10-07 09:11:21', '2019-10-07 09:11:21', NULL, NULL),
(168, '8ed4ba77-9b38-4b2a-bc16-5d8f4fc0a618', 13, 'Delete', 'App\\Boxer', 8, 'App\\Boxer', 8, 'App\\Boxer', 8, '', 'finished', '', '2019-10-07 09:12:06', '2019-10-07 09:12:06', NULL, NULL),
(169, '8ed4bba9-00b9-4c95-a6ef-b35a7c40e252', 13, 'Delete', 'App\\Boxer', 9, 'App\\Boxer', 9, 'App\\Boxer', 9, '', 'finished', '', '2019-10-07 09:15:26', '2019-10-07 09:15:26', NULL, NULL),
(170, '8ed4bbfc-58d7-486a-8efa-40152b82dafd', 13, 'Delete', 'App\\Boxer', 10, 'App\\Boxer', 10, 'App\\Boxer', 10, '', 'finished', '', '2019-10-07 09:16:20', '2019-10-07 09:16:20', NULL, NULL),
(171, '8ed4e4ac-2afe-42ac-9753-0f8763c17bf9', 13, 'Delete', 'App\\Boxer', 12, 'App\\Boxer', 12, 'App\\Boxer', 12, '', 'finished', '', '2019-10-07 11:10:06', '2019-10-07 11:10:06', NULL, NULL),
(172, '8ed4e4dd-0253-40a7-a2ae-6a63f4f563e7', 13, 'Update', 'App\\User', 17, 'App\\User', 17, 'App\\User', 17, '', 'finished', '', '2019-10-07 11:10:39', '2019-10-07 11:10:39', '{\"avatar\":\"f34d65d07fc604e9c8ba886d590a84aac0c426ba.jpg\"}', '{\"avatar\":\"4YjzVF3AfZm6DSa7TNoaclC14G3tUKVtGDaEJKKw.jpeg\"}'),
(173, '8ed4f0d8-2071-4531-939c-658beef636e0', 13, 'Delete', 'App\\Boxer', 13, 'App\\Boxer', 13, 'App\\Boxer', 13, '', 'finished', '', '2019-10-07 11:44:09', '2019-10-07 11:44:09', NULL, NULL),
(174, '8ed4ff79-4dcb-40ae-a302-ba04ada97a84', 13, 'Create', 'App\\Weight', 6, 'App\\Weight', 6, 'App\\Weight', 6, '', 'finished', '', '2019-10-07 12:25:03', '2019-10-07 12:25:03', NULL, '{\"name\":\"Lourd\",\"description\":\"Lourd\",\"min_weight\":\"80\",\"max_weight\":\"100\",\"updated_at\":\"2019-10-07 13:25:03\",\"created_at\":\"2019-10-07 13:25:03\",\"id\":6}'),
(175, '8ed50269-a9f2-48b7-9296-c2f7b3924d60', 13, 'Update', 'App\\Slide', 3, 'App\\Slide', 3, 'App\\Slide', 3, '', 'finished', '', '2019-10-07 12:33:16', '2019-10-07 12:33:16', '{\"image\":\"MU8cgIhiF75th9CVHGZ8s8c4qYIYHEJeC76mxRah.jpeg\",\"thumbnail\":\"90acae13aa4b26bfced5f6745c3a7ded7fb0078e\"}', '{\"image\":\"R9ZIEKyMqdaFVwIKbOSKQKZT1JuhRcreXOWnmXxk.jpeg\",\"thumbnail\":\"e28bc5ae44ab2c226a422cf17deb96993eed3566\"}'),
(176, '8ed502b1-c947-4235-8f1f-fed969972ec1', 13, 'Update', 'App\\Slide', 1, 'App\\Slide', 1, 'App\\Slide', 1, '', 'finished', '', '2019-10-07 12:34:03', '2019-10-07 12:34:03', '{\"image\":\"jRFTkwtKNwu0QmbbdWoiDSPDEXBbw2HBF4imCI6T.jpeg\",\"thumbnail\":\"b8c7f52dd1574bd8c1580a846bb66c153cbc2e6f\"}', '{\"image\":\"Uh1dWgla7j0SGDDKsF4JtqHoG2b52LxFxsJwsTkB.jpeg\",\"thumbnail\":\"f6c70aad5f706a939880a22d75a6e6a8cb074576\"}'),
(189, '8ed50dc1-e5f7-4a95-ad3b-f60c13f94387', 13, 'Create', 'App\\Weight', 7, 'App\\Weight', 7, 'App\\Weight', 7, '', 'finished', '', '2019-10-07 13:04:59', '2019-10-07 13:04:59', NULL, '{\"name\":\"L\\u00e9g\\u00e8re\",\"description\":\"L\\u00e9g\\u00e8re\",\"min_weight\":\"60\",\"max_weight\":\"80\",\"updated_at\":\"2019-10-07 14:04:59\",\"created_at\":\"2019-10-07 14:04:59\",\"id\":7}'),
(194, '8ed50ee3-6bf4-4a48-809d-b604877e2973', 13, 'Update', 'App\\Boxer', 14, 'App\\Boxer', 14, 'App\\Boxer', 14, '', 'finished', '', '2019-10-07 13:08:09', '2019-10-07 13:08:09', '[]', '[]'),
(195, '8ed511bb-e4d4-4a57-b01a-ade4ae5e7c92', 13, 'Update', 'App\\Boxer', 14, 'App\\Boxer', 14, 'App\\Boxer', 14, '', 'finished', '', '2019-10-07 13:16:07', '2019-10-07 13:16:07', '[]', '[]'),
(196, '8ed51bde-d33a-429d-acfa-c49ee1601f9e', 13, 'Create', 'App\\Rank', 1, 'App\\Rank', 1, 'App\\Rank', 1, '', 'finished', '', '2019-10-07 13:44:27', '2019-10-07 13:44:27', NULL, '{\"weight_id\":7,\"updated_at\":\"2019-10-07 14:44:27\",\"created_at\":\"2019-10-07 14:44:27\",\"id\":1}'),
(199, '8ed52ab2-a6f2-42fe-a181-814fdd738463', 13, 'Create', 'App\\Weight', 1, 'App\\Weight', 1, 'App\\Weight', 1, '', 'finished', '', '2019-10-07 14:25:55', '2019-10-07 14:25:55', NULL, '{\"name\":\"Heavy\",\"description\":\"Heavy weight\",\"min_weight\":\"80\",\"max_weight\":\"100\",\"updated_at\":\"2019-10-07 15:25:55\",\"created_at\":\"2019-10-07 15:25:55\",\"id\":1}'),
(202, '8ed544e7-eab5-4edf-9b21-1749a6375fd2', 13, 'Create', 'App\\Rank', 1, 'App\\Rank', 1, 'App\\Rank', 1, '', 'finished', '', '2019-10-07 15:39:12', '2019-10-07 15:39:12', NULL, '{\"weight_id\":1,\"updated_at\":\"2019-10-07 16:39:12\",\"created_at\":\"2019-10-07 16:39:12\",\"id\":1}'),
(203, '8ed94b7d-2677-48dc-93f3-1116afd0203e', 13, 'Create', 'App\\Brand', 4, 'App\\Brand', 4, 'App\\Brand', 4, '', 'finished', '', '2019-10-09 15:40:55', '2019-10-09 15:40:55', NULL, '{\"name\":\"follow\",\"logo\":\"IbTpfMYRfJdXPhiHLvEOkOs1DSFhZiPhzqTKwwxw.jpeg\",\"thumbnail\":\"3e6f9a1a888a8856518bf92ebefcb8ae88fc0e6b\",\"description\":\"follow\",\"updated_at\":\"2019-10-09 16:40:55\",\"created_at\":\"2019-10-09 16:40:55\",\"id\":4}');

-- --------------------------------------------------------

--
-- Table structure for table `boxers`
--

CREATE TABLE `boxers` (
  `id` bigint(20) UNSIGNED NOT NULL,
  `user_id` int(10) UNSIGNED NOT NULL,
  `weight_id` int(10) UNSIGNED NOT NULL,
  `nickname` varchar(255) COLLATE utf8mb4_unicode_ci NOT NULL,
  `slogan` varchar(255) COLLATE utf8mb4_unicode_ci NOT NULL,
  `wins` int(11) NOT NULL DEFAULT '0',
  `losses` int(11) NOT NULL DEFAULT '0',
  `h` double(8,2) NOT NULL,
  `w` double(8,2) NOT NULL,
  `hometown` varchar(255) COLLATE utf8mb4_unicode_ci NOT NULL,
  `avatar` varchar(255) COLLATE utf8mb4_unicode_ci NOT NULL,
  `created_at` timestamp NULL DEFAULT NULL,
  `updated_at` timestamp NULL DEFAULT NULL
) ENGINE=InnoDB DEFAULT CHARSET=utf8mb4 COLLATE=utf8mb4_unicode_ci;

--
-- Dumping data for table `boxers`
--

INSERT INTO `boxers` (`id`, `user_id`, `weight_id`, `nickname`, `slogan`, `wins`, `losses`, `h`, `w`, `hometown`, `avatar`, `created_at`, `updated_at`) VALUES
(1, 11, 1, 'AMANDA NUNES', 'AMANDA NUNES', 20, 11, 20.00, 80.00, 'SALVADOR', 'twMrPfwyj2w5w2oe503nHN9Np3tSZtU9OhjRdKGJ.png', '2019-10-01 08:34:19', '2019-10-05 15:44:21'),
(2, 12, 1, 'HENRY CEJUDO', 'HENRY CEJUDO', 11, 2, 3.00, 80.00, 'LOS ANGELES', 'aK8psYjJMzcVZm10HswBlfi62VLAtAySWgGRCXYM.png', '2019-10-01 08:46:05', '2019-10-05 13:31:25'),
(3, 14, 1, 'MCGREGOR', 'MCGREGOR', 3, 33, 33.00, 33.00, 'DUBLIN', 'K4NLBK5u6yoE7NC29yftaffEdSxVWzsQn1wsjSZ9.png', '2019-10-03 16:03:22', '2019-10-05 13:30:13'),
(4, 15, 1, 'KHABIB NURMAGOMEDOV', 'THE EAGLE', 20, 1, 11.00, 11.00, 'DAGESTAN', '3TSMAYdHlb6RHRd2175odRYt5Eu5qYECR4kPWtb3.png', '2019-10-03 16:08:47', '2019-10-05 13:37:41'),
(11, 13, 1, 'Yoshi Giles', 'Eaque ut nulla unde', 11, 33, 91.00, 90.00, 'Modi anim voluptatem', '163ebb0bdf387aa338b4d773a1e051550e8965ba.jpg', '2019-10-07 09:16:28', '2019-10-07 09:16:28'),
(14, 16, 1, 'Zane Rivas', 'Dolorem aut est ips', 43, 1, 52.00, 95.00, 'Fugiat eu quisquam', '1228b496ad0ec88bd10abfd142cc718768eaa772.jpg', '2019-10-07 11:44:27', '2019-10-07 11:44:27');

-- --------------------------------------------------------

--
-- Table structure for table `brands`
--

CREATE TABLE `brands` (
  `id` bigint(20) UNSIGNED NOT NULL,
  `name` varchar(255) COLLATE utf8mb4_unicode_ci NOT NULL,
  `description` varchar(255) COLLATE utf8mb4_unicode_ci DEFAULT NULL,
  `logo` longtext COLLATE utf8mb4_unicode_ci NOT NULL,
  `thumbnail` longtext COLLATE utf8mb4_unicode_ci NOT NULL,
  `created_at` timestamp NULL DEFAULT NULL,
  `updated_at` timestamp NULL DEFAULT NULL
) ENGINE=InnoDB DEFAULT CHARSET=utf8mb4 COLLATE=utf8mb4_unicode_ci;

--
-- Dumping data for table `brands`
--

INSERT INTO `brands` (`id`, `name`, `description`, `logo`, `thumbnail`, `created_at`, `updated_at`) VALUES
(1, 'Adidas', 'Lorem Ipsum is simply dummy text of the printing and typesetting industry. Lorem Ipsum has been the industry\'s standard dummy text ever since the 1500s', '2ffb405c884fcb2d28018de81d84bb63ecaf39af.png', 'thumbnail_2ffb405c884fcb2d28018de81d84bb63ecaf39af.png', '2019-10-04 12:39:57', '2019-10-04 12:46:50'),
(2, 'Nike', NULL, 'kVErdlySdbq4BAg9G4OZ5WAtXlqvsXsIFUpIX1gd.jpeg', '2de7fe4fa3fe51ff24cc0baf4f4b09c4e2385113', '2019-10-04 12:52:25', '2019-10-04 12:52:25'),
(3, 'Lacoste', NULL, 'FX2DvqQjjLexbD05okU5sBGsp7eVC4SNTxmdCaJX.jpeg', 'a8d6c2df6f8e3fa9aac112a53f102f8a08346acc', '2019-10-04 12:53:03', '2019-10-04 12:53:03'),
(4, 'follow', 'follow', 'IbTpfMYRfJdXPhiHLvEOkOs1DSFhZiPhzqTKwwxw.jpeg', '3e6f9a1a888a8856518bf92ebefcb8ae88fc0e6b', '2019-10-09 15:40:55', '2019-10-09 15:40:55');

-- --------------------------------------------------------

--
-- Table structure for table `categories`
--

CREATE TABLE `categories` (
  `id` bigint(20) UNSIGNED NOT NULL,
  `name` varchar(255) COLLATE utf8mb4_unicode_ci NOT NULL,
  `description` longtext COLLATE utf8mb4_unicode_ci,
  `image` longtext COLLATE utf8mb4_unicode_ci NOT NULL,
  `thumbnail` longtext COLLATE utf8mb4_unicode_ci NOT NULL,
  `created_at` timestamp NULL DEFAULT NULL,
  `updated_at` timestamp NULL DEFAULT NULL
) ENGINE=InnoDB DEFAULT CHARSET=utf8mb4 COLLATE=utf8mb4_unicode_ci;

--
-- Dumping data for table `categories`
--

INSERT INTO `categories` (`id`, `name`, `description`, `image`, `thumbnail`, `created_at`, `updated_at`) VALUES
(1, 'Accessoires', NULL, '9caaf9d8045ec623c5e8dabfb99f68dd28cafc00.png', 'thumbnail_9caaf9d8045ec623c5e8dabfb99f68dd28cafc00.png', '2019-10-04 11:01:28', '2019-10-04 11:41:56'),
(2, 'quipement', NULL, '5e56c7c9e92d666439f9353a4f9588693eb8df60.png', 'thumbnail_5e56c7c9e92d666439f9353a4f9588693eb8df60.png', '2019-10-04 11:01:33', '2019-10-04 11:41:30'),
(3, 'Entrainement', NULL, '1bdccb1fc11a5bfc08691ccfe47fb1b7992f5d08.png', 'thumbnail_1bdccb1fc11a5bfc08691ccfe47fb1b7992f5d08.png', '2019-10-04 11:01:35', '2019-10-04 11:40:33');

-- --------------------------------------------------------

--
-- Table structure for table `events`
--

CREATE TABLE `events` (
  `id` bigint(20) UNSIGNED NOT NULL,
  `title` varchar(255) COLLATE utf8mb4_unicode_ci NOT NULL,
  `image` text COLLATE utf8mb4_unicode_ci NOT NULL,
  `thumbnail` text COLLATE utf8mb4_unicode_ci NOT NULL,
  `description` longtext COLLATE utf8mb4_unicode_ci NOT NULL,
  `start_date` datetime NOT NULL,
  `end_date` datetime NOT NULL,
  `created_at` timestamp NULL DEFAULT NULL,
  `updated_at` timestamp NULL DEFAULT NULL
) ENGINE=InnoDB DEFAULT CHARSET=utf8mb4 COLLATE=utf8mb4_unicode_ci;

--
-- Dumping data for table `events`
--

INSERT INTO `events` (`id`, `title`, `image`, `thumbnail`, `description`, `start_date`, `end_date`, `created_at`, `updated_at`) VALUES
(14, 'Last event', '20208fa70387ec06e78ba61518cdd8f32b50e5c3.png', 'thumbnail_20208fa70387ec06e78ba61518cdd8f32b50e5c3.png', 'Lorem Ipsum is simply dummy text of the printing and typesetting industry. Lorem Ipsum has been the industry\'s standard dummy text ever since the 1500s', '1993-08-02 10:30:00', '1993-10-10 10:20:30', '2019-10-02 12:33:04', '2019-10-02 12:33:04'),
(20, 'wwxwxcwxc', 'puAullqX1o49XdQVHnSZSeaNDDnysxgqqmBHr2oc.jpeg', '012cb9de814c83b7551f62ba96bc6c107b9891e7', '<div>qsdqsdqsd</div>', '2019-10-22 11:00:00', '2019-10-24 11:00:00', '2019-10-03 13:01:31', '2019-10-03 13:01:31'),
(21, 'EVENT ltesting', 'XfDgFSsEDWWA1ZCfCkqSkcsdSGQsNFGUuU6RQGaH.png', '8209843f0ae76d86e912bb6a7a19f3c3766c5142', '<div><strong><br>Tunisia</strong>,<a href=\"https://en.wikipedia.org/wiki/Tunisia#cite_note-18\">[a]</a> officially the Tunisian Republic,<a href=\"https://en.wikipedia.org/wiki/Tunisia#cite_note-19\">[18]</a><a href=\"https://en.wikipedia.org/wiki/Tunisia#cite_note-20\">[b]</a> is a country in the <a href=\"https://en.wikipedia.org/wiki/Maghreb\">Maghreb</a> region of <a href=\"https://en.wikipedia.org/wiki/North_Africa\">North Africa</a>, covering 163,610 square kilometres (63,170 square miles). Its northernmost point, <a href=\"https://en.wikipedia.org/wiki/Cape_Angela\">Cape Angela</a>, is the northernmost point on the African continent. It is bordered by <a href=\"https://en.wikipedia.org/wiki/Algeria\">Algeria</a> to the west and southwest, <a href=\"https://en.wikipedia.org/wiki/Libya\">Libya</a> to the southeast, and the <a href=\"https://en.wikipedia.org/wiki/Mediterranean_Sea\">Mediterranean Sea</a> to the north and east. Tunisia\'s population was 11.435 million in 2017.<a href=\"https://en.wikipedia.org/wiki/Tunisia#cite_note-ins-12\">[12]</a> Tunisia\'s name is derived from its capital city, <a href=\"https://en.wikipedia.org/wiki/Tunis\">Tunis</a>, which is located on its northeast coast.<br><br></div><div><br>Geographically, Tunisia contains the eastern end of the <a href=\"https://en.wikipedia.org/wiki/Atlas_Mountains\">Atlas Mountains</a>, and the northern reaches of the <a href=\"https://en.wikipedia.org/wiki/Sahara\">Sahara</a> desert. Much of the rest of the country\'s land is fertile soil. Its 1,300 kilometres (810 miles) of coastline include the African conjunction of the western and eastern parts of the <a href=\"https://en.wikipedia.org/wiki/Mediterranean_Basin\">Mediterranean Basin</a> and, by means of the <a href=\"https://en.wikipedia.org/wiki/Sicilian_Strait\">Sicilian Strait</a> and <a href=\"https://en.wikipedia.org/wiki/Sardinia\">Sardinian</a> Channel, feature the African mainland\'s second and third nearest points to Europe after <a href=\"https://en.wikipedia.org/wiki/Gibraltar\">Gibraltar</a>.<br><br></div><div><br>Tunisia is a <a href=\"https://en.wikipedia.org/wiki/Unitary_state\">unitary</a> <a href=\"https://en.wikipedia.org/wiki/Semi-presidential_system\">semi-presidential</a> <a href=\"https://en.wikipedia.org/wiki/Representative_democracy\">representative democratic</a> <a href=\"https://en.wikipedia.org/wiki/Republic\">republic</a>. It is considered to be the only fully democratic <a href=\"https://en.wikipedia.org/wiki/Sovereign_state\">sovereign state</a> in the <a href=\"https://en.wikipedia.org/wiki/Arab_world\">Arab world</a>.<a href=\"https://en.wikipedia.org/wiki/Tunisia#cite_note-21\">[19]</a><a href=\"https://en.wikipedia.org/wiki/Tunisia#cite_note-22\">[20]</a> It has a high <a href=\"https://en.wikipedia.org/wiki/Human_development_index\">human development index</a>.<a href=\"https://en.wikipedia.org/wiki/Tunisia#cite_note-HDI-15\">[15]</a> It has an <a href=\"https://en.wikipedia.org/wiki/European_Union_Association_Agreement\">association agreement</a> with the <a href=\"https://en.wikipedia.org/wiki/European_Union\">European Union</a>; is a member of <a href=\"https://en.wikipedia.org/wiki/La_Francophonie\">La Francophonie</a>, the <a href=\"https://en.wikipedia.org/wiki/Union_for_the_Mediterranean\">Union for the Mediterranean</a>, the <a href=\"https://en.wikipedia.org/wiki/Common_Market_for_Eastern_and_Southern_Africa\">Common Market for Eastern and Southern Africa</a>, the <a href=\"https://en.wikipedia.org/wiki/Arab_Maghreb_Union\">Arab Maghreb Union</a>, the <a href=\"https://en.wikipedia.org/wiki/Arab_League\">Arab League</a>, the <a href=\"https://en.wikipedia.org/wiki/OIC\">OIC</a>, the <a href=\"https://en.wikipedia.org/wiki/Greater_Arab_Free_Trade_Area\">Greater Arab Free Trade Area</a>, the <a href=\"https://en.wikipedia.org/wiki/Community_of_Sahel-Saharan_States\">Community of Sahel-Saharan States</a>, the <a href=\"https://en.wikipedia.org/wiki/African_Union\">African Union</a>, the <a href=\"https://en.wikipedia.org/wiki/Non-Aligned_Movement\">Non-Aligned Movement</a>, the <a href=\"https://en.wikipedia.org/wiki/Group_of_77\">Group of 77</a>; and has obtained the status of <a href=\"https://en.wikipedia.org/wiki/Major_non-NATO_ally\">major non-NATO ally</a> of the United States. In addition, Tunisia is also a <a href=\"https://en.wikipedia.org/wiki/Member_states_of_the_United_Nations\">member state</a> of the <a href=\"https://en.wikipedia.org/wiki/United_Nations\">United Nations</a> and a <a href=\"https://en.wikipedia.org/wiki/States_parties_to_the_Rome_Statute_of_the_International_Criminal_Court\">state party</a> to the <a href=\"https://en.wikipedia.org/wiki/Rome_Statute_of_the_International_Criminal_Court\">Rome Statute of the International Criminal Court</a>. Close relations with Europe, in particular <a href=\"https://en.wikipedia.org/wiki/France%E2%80%93Tunisia_relations\">with France</a><a href=\"https://en.wikipedia.org/wiki/Tunisia#cite_note-23\">[21]</a> and <a href=\"https://en.wikipedia.org/wiki/Italy%E2%80%93Tunisia_relations\">with Italy</a>,<a href=\"https://en.wikipedia.org/wiki/Tunisia#cite_note-24\">[22]</a><a href=\"https://en.wikipedia.org/wiki/Tunisia#cite_note-25\">[23]</a> have been forged through economic cooperation, <a href=\"https://en.wikipedia.org/wiki/Privatisation\">privatisation</a> and industrial modernization.<br><br></div>', '2019-10-30 11:00:00', '2019-10-30 11:00:00', '2019-10-03 15:58:14', '2019-10-03 15:58:14');

-- --------------------------------------------------------

--
-- Table structure for table `fights`
--

CREATE TABLE `fights` (
  `id` bigint(20) UNSIGNED NOT NULL,
  `title` varchar(255) COLLATE utf8mb4_unicode_ci NOT NULL,
  `description` longtext COLLATE utf8mb4_unicode_ci NOT NULL,
  `date` datetime NOT NULL,
  `thumbnail` longtext COLLATE utf8mb4_unicode_ci NOT NULL,
  `location` varchar(255) COLLATE utf8mb4_unicode_ci NOT NULL,
  `image` varchar(255) COLLATE utf8mb4_unicode_ci NOT NULL,
  `created_at` timestamp NULL DEFAULT NULL,
  `updated_at` timestamp NULL DEFAULT NULL
) ENGINE=InnoDB DEFAULT CHARSET=utf8mb4 COLLATE=utf8mb4_unicode_ci;

--
-- Dumping data for table `fights`
--

INSERT INTO `fights` (`id`, `title`, `description`, `date`, `thumbnail`, `location`, `image`, `created_at`, `updated_at`) VALUES
(1, 'Last event', 'Lorem Ipsum is simply dummy text of the printing and typesetting industry. Lorem Ipsum has been the industry\'s standard dummy text ever since the 1500s', '1993-10-10 10:20:30', 'thumbnail_fea9b2a0c17c053469346539948f66fd69683147.png', 'tunisia', 'fea9b2a0c17c053469346539948f66fd69683147.png', '2019-10-02 14:58:29', '2019-10-02 14:58:29'),
(2, 'Last event', 'Lorem Ipsum is simply dummy text of the printing and typesetting industry. Lorem Ipsum has been the industry\'s standard dummy text ever since the 1500s', '1993-10-10 10:20:30', 'thumbnail_c5794f819dd8cf702ab1bd6ede19b95056714e58.png', 'tunisia', 'c5794f819dd8cf702ab1bd6ede19b95056714e58.png', '2019-10-02 15:06:03', '2019-10-02 15:06:03'),
(3, 'Last event', 'Lorem Ipsum is simply dummy text of the printing and typesetting industry. Lorem Ipsum has been the industry\'s standard dummy text ever since the 1500s', '1993-10-10 10:20:30', 'thumbnail_0044fb7840a5010bf4511da36836d719b43e904b.png', 'tunisia', '0044fb7840a5010bf4511da36836d719b43e904b.png', '2019-10-02 15:06:05', '2019-10-02 15:06:05'),
(4, 'Last event', 'Lorem Ipsum is simply dummy text of the printing and typesetting industry. Lorem Ipsum has been the industry\'s standard dummy text ever since the 1500s', '1993-10-10 10:20:30', 'thumbnail_662c732af765f45e2bdf553d89a8c4cfa6a7dbcf.png', 'tunisia', '662c732af765f45e2bdf553d89a8c4cfa6a7dbcf.png', '2019-10-02 15:06:06', '2019-10-02 15:06:06'),
(5, 'Last event', 'Lorem Ipsum is simply dummy text of the printing and typesetting industry. Lorem Ipsum has been the industry\'s standard dummy text ever since the 1500s', '1993-10-10 10:20:30', 'thumbnail_2baa2bdf1623ac78d76933e6f4cbc39475d7fecd.png', 'tunisia', '2baa2bdf1623ac78d76933e6f4cbc39475d7fecd.png', '2019-10-02 15:06:07', '2019-10-02 15:06:07'),
(6, 'Last event', 'Lorem Ipsum is simply dummy text of the printing and typesetting industry. Lorem Ipsum has been the industry\'s standard dummy text ever since the 1500s', '1993-10-10 10:20:30', 'thumbnail_7e7520bbf32f16ce68cff3aa3249a09159792df4.png', 'tunisia', '7e7520bbf32f16ce68cff3aa3249a09159792df4.png', '2019-10-02 15:06:08', '2019-10-02 15:06:08'),
(7, 'Last event', 'Lorem Ipsum is simply dummy text of the printing and typesetting industry. Lorem Ipsum has been the industry\'s standard dummy text ever since the 1500s', '1993-10-10 10:20:30', 'thumbnail_2a0e4135b1bd0dcddf7873cdc2180eaede4c1432.png', 'tunisia', '2a0e4135b1bd0dcddf7873cdc2180eaede4c1432.png', '2019-10-02 15:06:09', '2019-10-02 15:06:09'),
(8, 'Fight last', 'Lorem Ipsum is simply dummy text of the printing and typesetting industry. Lorem Ipsum has been the industry\'s standard dummy text ever since the 1500s', '1993-10-10 10:20:30', 'thumbnail_e1330591c300ede5b7a4122140378057ca44ba11.png', 'tunisia', 'e1330591c300ede5b7a4122140378057ca44ba11.png', '2019-10-02 15:06:10', '2019-10-02 15:20:13'),
(10, 'FIGHT?   ', 'fight', '2019-10-16 11:00:00', 'Sw12MuGDjlbetJ3WyjdYcFTe1RN57uR79P58RtV5.png', 'TOUNS', 'y382quel9ZS3y8f4kHy6oHRfZlnGAxl7dJRYPzjT.png', '2019-10-03 16:23:03', '2019-10-04 14:50:34');

-- --------------------------------------------------------

--
-- Table structure for table `fights_boxers`
--

CREATE TABLE `fights_boxers` (
  `id` bigint(20) UNSIGNED NOT NULL,
  `boxer_id` int(10) UNSIGNED NOT NULL,
  `fight_id` int(10) UNSIGNED NOT NULL,
  `created_at` timestamp NULL DEFAULT NULL,
  `updated_at` timestamp NULL DEFAULT NULL
) ENGINE=InnoDB DEFAULT CHARSET=utf8mb4 COLLATE=utf8mb4_unicode_ci;

--
-- Dumping data for table `fights_boxers`
--

INSERT INTO `fights_boxers` (`id`, `boxer_id`, `fight_id`, `created_at`, `updated_at`) VALUES
(1, 3, 10, '2019-10-05 13:17:26', '2019-10-05 13:17:26'),
(2, 4, 10, '2019-10-05 13:17:26', '2019-10-05 13:17:26'),
(3, 2, 8, '2019-10-05 13:17:44', '2019-10-05 13:17:44'),
(4, 3, 8, '2019-10-05 13:17:44', '2019-10-05 13:17:44'),
(5, 4, 7, '2019-10-05 13:17:49', '2019-10-05 13:17:49'),
(6, 1, 7, '2019-10-05 13:17:49', '2019-10-05 13:17:49'),
(7, 2, 6, '2019-10-05 13:17:52', '2019-10-05 13:17:52'),
(8, 1, 6, '2019-10-05 13:17:52', '2019-10-05 13:17:52'),
(9, 1, 5, '2019-10-05 13:17:56', '2019-10-05 13:17:56'),
(10, 4, 5, '2019-10-05 13:17:56', '2019-10-05 13:17:56'),
(11, 2, 4, '2019-10-05 13:18:00', '2019-10-05 13:18:00'),
(12, 4, 4, '2019-10-05 13:18:00', '2019-10-05 13:18:00'),
(13, 4, 3, '2019-10-05 13:18:04', '2019-10-05 13:18:04'),
(14, 1, 3, '2019-10-05 13:18:04', '2019-10-05 13:18:04'),
(15, 3, 2, '2019-10-05 13:18:09', '2019-10-05 13:18:09'),
(16, 2, 2, '2019-10-05 13:18:09', '2019-10-05 13:18:09'),
(17, 1, 1, '2019-10-05 13:18:14', '2019-10-05 13:18:14'),
(18, 3, 1, '2019-10-05 13:18:14', '2019-10-05 13:18:14'),
(19, 5, 11, '2019-10-05 13:27:00', '2019-10-05 13:27:00'),
(20, 3, 11, '2019-10-05 13:27:00', '2019-10-05 13:27:00');

-- --------------------------------------------------------

--
-- Table structure for table `migrations`
--

CREATE TABLE `migrations` (
  `id` int(10) UNSIGNED NOT NULL,
  `migration` varchar(255) COLLATE utf8mb4_unicode_ci NOT NULL,
  `batch` int(11) NOT NULL
) ENGINE=InnoDB DEFAULT CHARSET=utf8mb4 COLLATE=utf8mb4_unicode_ci;

--
-- Dumping data for table `migrations`
--

INSERT INTO `migrations` (`id`, `migration`, `batch`) VALUES
(1, '2014_10_12_000000_create_users_table', 1),
(2, '2014_10_12_100000_create_password_resets_table', 1),
(3, '2016_06_01_000001_create_oauth_auth_codes_table', 1),
(4, '2016_06_01_000002_create_oauth_access_tokens_table', 1),
(5, '2016_06_01_000003_create_oauth_refresh_tokens_table', 1),
(6, '2016_06_01_000004_create_oauth_clients_table', 1),
(7, '2016_06_01_000005_create_oauth_personal_access_clients_table', 1),
(8, '2018_01_01_000000_create_action_events_table', 1),
(9, '2019_05_10_000000_add_fields_to_action_events_table', 1),
(10, '2019_09_25_100155_create_events_table', 1),
(11, '2019_09_25_134649_create_boxers_table', 1),
(12, '2019_10_02_100227_create_news_table', 1),
(13, '2019_10_02_115150_create_fights_table', 1),
(14, '2019_10_02_153400_fights_users', 1),
(15, '2019_10_02_171709_create_prestige_videos_table', 1),
(16, '2019_10_03_140314_create_partners_table', 1),
(17, '2019_10_04_114433_create_categories_table', 1),
(18, '2019_10_04_142059_create_products_table', 1),
(19, '2019_09_26_094449_nova_pending_trix_attachments', 5),
(20, '2019_09_26_094500_nova_trix_attachments', 5),
(49, '2014_10_12_000000_create_users_table', 6),
(50, '2014_10_12_100000_create_password_resets_table', 6),
(51, '2016_06_01_000001_create_oauth_auth_codes_table', 6),
(52, '2016_06_01_000002_create_oauth_access_tokens_table', 6),
(53, '2016_06_01_000003_create_oauth_refresh_tokens_table', 6),
(54, '2016_06_01_000004_create_oauth_clients_table', 6),
(55, '2016_06_01_000005_create_oauth_personal_access_clients_table', 6),
(56, '2018_01_01_000000_create_action_events_table', 6),
(57, '2019_05_10_000000_add_fields_to_action_events_table', 6),
(58, '2019_09_25_100155_create_events_table', 6),
(59, '2019_09_25_134649_create_boxers_table', 6),
(60, '2019_09_26_100227_create_news_table', 6),
(61, '2019_09_26_115158_create_fights_table', 6),
(62, '2019_10_02_100227_create_news_table', 7),
(63, '2019_10_02_115158_create_fights_table', 8),
(64, '2019_10_02_153400_fights_users', 9),
(65, '2019_10_02_115159_create_fights_table', 10),
(66, '2019_10_02_115150_create_fights_table', 11),
(67, '2019_10_02_171709_create_prestige_videos_table', 12),
(68, '2019_10_03_140314_create_partners_table', 13),
(69, '2019_10_03_142058_create_products_table', 14),
(70, '2019_10_04_114433_create_categories_table', 15),
(71, '2019_10_04_142058_create_products_table', 16),
(72, '2019_10_04_142052_create_products_table', 17),
(73, '2019_10_04_132414_create_brands_table', 18),
(74, '2019_10_04_142051_create_products_table', 19),
(75, '2019_10_04_145736_create_slides_table', 20),
(76, '2019_10_05_141145_fights_boxers', 21),
(77, '2019_10_07_130838_create_weights_table', 22),
(78, '2019_09_25_134640_create_boxers_table', 23),
(79, '2019_09_25_134641_create_boxers_table', 24),
(80, '2019_10_07_141808_create_ranks_table', 25),
(81, '2019_10_07_130833_create_weights_table', 26),
(82, '2019_10_07_141801_create_ranks_table', 26),
(83, '2019_10_07_130834_create_weights_table', 27),
(84, '2019_10_07_141800_create_ranks_table', 28),
(85, '2019_10_07_13084_create_weights_table', 29),
(86, '2019_09_25_13464_create_boxers_table', 30),
(87, '2019_10_07_162810_create_ranks_table', 31);

-- --------------------------------------------------------

--
-- Table structure for table `news`
--

CREATE TABLE `news` (
  `id` bigint(20) UNSIGNED NOT NULL,
  `title` varchar(255) COLLATE utf8mb4_unicode_ci NOT NULL,
  `description` longtext COLLATE utf8mb4_unicode_ci NOT NULL,
  `image` text COLLATE utf8mb4_unicode_ci NOT NULL,
  `thumbnail` text COLLATE utf8mb4_unicode_ci NOT NULL,
  `created_at` timestamp NULL DEFAULT NULL,
  `updated_at` timestamp NULL DEFAULT NULL
) ENGINE=InnoDB DEFAULT CHARSET=utf8mb4 COLLATE=utf8mb4_unicode_ci;

--
-- Dumping data for table `news`
--

INSERT INTO `news` (`id`, `title`, `description`, `image`, `thumbnail`, `created_at`, `updated_at`) VALUES
(13, 'Lorem ipsum', 'Lorem Ipsum is simply dummy text of the printing and typesetting industry. Lorem Ipsum has been the industry\'s standard dummy text ever since the 1500s', '9095c267e6ab9da7a61f628b71bf1ddc3e57fe73.png', 'thumbnail_9095c267e6ab9da7a61f628b71bf1ddc3e57fe73.png', '2019-10-02 09:52:34', '2019-10-02 09:52:34'),
(14, 'Lorem ipsum', 'Lorem Ipsum is simply dummy text of the printing and typesetting industry. Lorem Ipsum has been the industry\'s standard dummy text ever since the 1500s', '181aab08f0148293a410d6f6f1c41cbb08a8d2a0.png', 'thumbnail_181aab08f0148293a410d6f6f1c41cbb08a8d2a0.png', '2019-10-02 09:53:00', '2019-10-02 09:53:00'),
(15, 'Lorem ipsum', 'Lorem Ipsum is simply dummy text of the printing and typesetting industry. Lorem Ipsum has been the industry\'s standard dummy text ever since the 1500s', '9bbbb7e1e5321b6c1095f7ab489e7aa46fe28db8.png', 'thumbnail_9bbbb7e1e5321b6c1095f7ab489e7aa46fe28db8.png', '2019-10-02 09:53:01', '2019-10-02 09:53:01'),
(16, 'Lorem ipsum', 'Lorem Ipsum is simply dummy text of the printing and typesetting industry. Lorem Ipsum has been the industry\'s standard dummy text ever since the 1500s', '30ff95f8cf333cbaea22218d4cd402379d093418.png', 'thumbnail_30ff95f8cf333cbaea22218d4cd402379d093418.png', '2019-10-02 09:53:02', '2019-10-02 09:53:02'),
(17, 'Lorem ipsum', 'Lorem Ipsum is simply dummy text of the printing and typesetting industry. Lorem Ipsum has been the industry\'s standard dummy text ever since the 1500s', '30ff95f8cf333cbaea22218d4cd402379d093418.png', 'thumbnail_30ff95f8cf333cbaea22218d4cd402379d093418.png', '2019-10-02 09:53:02', '2019-10-02 09:53:02'),
(18, 'Last event', 'Lorem Ipsum is simply dummy text of the printing and typesetting industry. Lorem Ipsum has been the industry\'s standard dummy text ever since the 1500s', 'feb6e3eebc3a71315f7d9b70923623e803fcc2c5.png', 'thumbnail_feb6e3eebc3a71315f7d9b70923623e803fcc2c5.png', '2019-10-02 10:29:37', '2019-10-02 10:29:37'),
(19, 'test', 'test', 'jKLSQVjbWcsN4sCmx7PcMbWngSxahRt4rrJDGp9A.png', 'hVKK1MaWfH0dMiwXr0aK95a4pV4H9ze2vMxSR4cM.png', '2019-10-02 11:45:26', '2019-10-02 11:45:26'),
(20, 'qsdqsd', 'qsdqsdqsd', 'ybqT0p1WQl76NXRqeWktBKqi0wjoIH5ssZutRXJ9.png', 'QExGkAYtChEG6BXV8SclI1UgvIUpgZHSwokoTdKk.png', '2019-10-02 11:50:54', '2019-10-02 11:55:39'),
(21, 'title', '<h1>Title:&nbsp;</h1><div><figure data-trix-attachment=\"{&quot;contentType&quot;:&quot;image&quot;,&quot;height&quot;:375,&quot;url&quot;:&quot;https://community-cdn-digitalocean-com.global.ssl.fastly.net/assets/tutorials/images/large/Let\'s_Encrypt_apache_tw_mostov.jpg?1468952215&quot;,&quot;width&quot;:750}\" data-trix-content-type=\"image\" data-trix-attributes=\"{&quot;caption&quot;:&quot;title&quot;}\" class=\"attachment attachment--preview\"><img src=\"https://community-cdn-digitalocean-com.global.ssl.fastly.net/assets/tutorials/images/large/Let\'s_Encrypt_apache_tw_mostov.jpg?1468952215\" width=\"750\" height=\"375\"><figcaption class=\"attachment__caption attachment__caption--edited\">title</figcaption></figure></div><div>Le <strong>Lorem Ipsum</strong> est simplement du faux texte employ dans la composition et la mise en page avant impression. Le Lorem Ipsum est le faux texte standard de l\'imprimerie depuis les annes 1500, quand un imprimeur anonyme assembla ensemble des morceaux de texte pour raliser un livre spcimen de polices de texte. Il n\'a pas fait que survivre cinq sicles, mais s\'est aussi adapt  la bureautique informatique, sans que son contenu n\'en soit modifi. Il a t popularis dans les annes 1960 grce  la vente de feuilles Letraset contenant des passages du Lorem Ipsum, et, plus rcemment, par son inclusion dans des applications de mise en page de texte, comme Aldus PageMaker.<br><br></div><ol><li>Le <strong>Lorem Ipsum</strong> est simplement du faux&nbsp;</li><li>Le <strong>Lorem Ipsum</strong> est simplement du faux&nbsp;</li><li>Le <strong>Lorem Ipsum</strong> est simplement du faux&nbsp;</li><li>Le <strong>Lorem Ipsum</strong> est simplement du faux</li></ol><div>&nbsp;</div><ul><li>Le <strong>Lorem Ipsum</strong> est simplement du faux&nbsp;</li><li>Le <strong>Lorem Ipsum</strong> est simplement du faux&nbsp;</li><li>Le <strong>Lorem Ipsum</strong> est simplement du faux&nbsp;</li><li>Le <strong>Lorem Ipsum</strong> est simplement du faux&nbsp;</li></ul><div><br></div><div><br></div><div><figure data-trix-attachment=\"{&quot;contentType&quot;:&quot;image&quot;,&quot;height&quot;:375,&quot;url&quot;:&quot;https://community-cdn-digitalocean-com.global.ssl.fastly.net/assets/tutorials/images/large/Let\'s_Encrypt_apache_tw_mostov.jpg?1468952215&quot;,&quot;width&quot;:750}\" data-trix-content-type=\"image\" data-trix-attributes=\"{&quot;caption&quot;:&quot;title2&quot;}\" class=\"attachment attachment--preview\"><img src=\"https://community-cdn-digitalocean-com.global.ssl.fastly.net/assets/tutorials/images/large/Let\'s_Encrypt_apache_tw_mostov.jpg?1468952215\" width=\"750\" height=\"375\"><figcaption class=\"attachment__caption attachment__caption--edited\">title2</figcaption></figure><br><br></div><div>Le <strong>Lorem Ipsum</strong> est simplement du faux texte employ dans la composition et la mise en page avant impression. Le Lorem Ipsum est le faux texte standard de l\'imprimerie depuis les annes 1500, quand un imprimeur anonyme assembla ensemble des morceaux de texte pour raliser un livre spcimen de polices de texte. Il n\'a pas fait que survivre cinq sicles, mais s\'est aussi adapt  la bureautique informatique, sans que son contenu n\'en soit modifi. Il a t popularis dans les annes 1960 grce  la vente de feuilles Letraset contenant des passages du Lorem Ipsum, et, plus rcemment, par son inclusion dans des applications de mise en page de texte, comme Aldus PageMaker.<br><br></div><div><br></div><div><br></div><div><br></div><div><br></div><div><br></div><div><br></div>', 'ZcQfQdzp8bPOTaQ3RFzYxjkbrU2mHx7kQadUKCTZ.png', 'HcaX5VujJiskcEstSM20Vlz9EKdtHmOIwNGFcCi9.png', '2019-10-02 13:26:53', '2019-10-02 13:59:35'),
(22, 'Title', '<div>DEscription</div>', 'TdnM7vRoTDtbQQWrSbbLC2ZCmLKDi3WRNHNtfu40.png', '4Ttntg5k8POf06mYPFhLJoi9whEeKf38ZJQFjxXa.png', '2019-10-03 11:37:43', '2019-10-03 11:37:43'),
(23, 'qsdqsd', '<div>qsdqsd</div>', 'XlFWUH7WBZHa1UbiFMFZdPzkZyL9WjtAzB8cdvdS.jpeg', 'e8124992cba9e6f52ea6829beb0bc1f3aa728a0e', '2019-10-03 13:02:24', '2019-10-03 13:02:24');

-- --------------------------------------------------------

--
-- Table structure for table `nova_pending_trix_attachments`
--

CREATE TABLE `nova_pending_trix_attachments` (
  `id` int(10) UNSIGNED NOT NULL,
  `draft_id` varchar(255) COLLATE utf8mb4_unicode_ci NOT NULL,
  `attachment` varchar(255) COLLATE utf8mb4_unicode_ci NOT NULL,
  `disk` varchar(255) COLLATE utf8mb4_unicode_ci NOT NULL,
  `created_at` timestamp NULL DEFAULT NULL,
  `updated_at` timestamp NULL DEFAULT NULL
) ENGINE=InnoDB DEFAULT CHARSET=utf8mb4 COLLATE=utf8mb4_unicode_ci;

-- --------------------------------------------------------

--
-- Table structure for table `nova_trix_attachments`
--

CREATE TABLE `nova_trix_attachments` (
  `id` int(10) UNSIGNED NOT NULL,
  `attachable_type` varchar(255) COLLATE utf8mb4_unicode_ci NOT NULL,
  `attachable_id` int(10) UNSIGNED NOT NULL,
  `attachment` varchar(255) COLLATE utf8mb4_unicode_ci NOT NULL,
  `disk` varchar(255) COLLATE utf8mb4_unicode_ci NOT NULL,
  `url` varchar(255) COLLATE utf8mb4_unicode_ci NOT NULL,
  `created_at` timestamp NULL DEFAULT NULL,
  `updated_at` timestamp NULL DEFAULT NULL
) ENGINE=InnoDB DEFAULT CHARSET=utf8mb4 COLLATE=utf8mb4_unicode_ci;

-- --------------------------------------------------------

--
-- Table structure for table `oauth_access_tokens`
--

CREATE TABLE `oauth_access_tokens` (
  `id` varchar(100) COLLATE utf8mb4_unicode_ci NOT NULL,
  `user_id` bigint(20) DEFAULT NULL,
  `client_id` int(10) UNSIGNED NOT NULL,
  `name` varchar(255) COLLATE utf8mb4_unicode_ci DEFAULT NULL,
  `scopes` text COLLATE utf8mb4_unicode_ci,
  `revoked` tinyint(1) NOT NULL,
  `created_at` timestamp NULL DEFAULT NULL,
  `updated_at` timestamp NULL DEFAULT NULL,
  `expires_at` datetime DEFAULT NULL
) ENGINE=InnoDB DEFAULT CHARSET=utf8mb4 COLLATE=utf8mb4_unicode_ci;

--
-- Dumping data for table `oauth_access_tokens`
--

INSERT INTO `oauth_access_tokens` (`id`, `user_id`, `client_id`, `name`, `scopes`, `revoked`, `created_at`, `updated_at`, `expires_at`) VALUES
('012321ab80599c134c7ed02773d9a93bfe648d47564e1772820d229be70ddf26c92a65267913d47c', 11, 1, 'Personal Access Token', '[]', 0, '2019-10-10 10:42:46', '2019-10-10 10:42:46', '2020-10-10 11:42:46'),
('01e0b30fb044e83ba6c0a574e26e44a1bbe582a069a27c5a5603e53609460027cbc7613928bfd4d2', 5, 1, 'Personal Access Token', '[]', 0, '2019-10-05 15:40:03', '2019-10-05 15:40:03', '2020-10-05 16:40:03'),
('07e1306a6be33df5487a6fe4d38635e346fd6016257f8a9975f72a818b56760d03e9b676417fe267', 11, 1, 'Personal Access Token', '[]', 1, '2019-10-11 11:50:54', '2019-10-11 11:50:54', '2020-10-11 12:50:54'),
('0935c019701682e653870ba9ff197e88333a25158bd97ef53980c3b928d403eefcea18a2911b67a3', 11, 1, 'Personal Access Token', '[]', 1, '2019-10-10 12:16:02', '2019-10-10 12:16:02', '2020-10-10 13:16:02'),
('0c4caae24011aa1413265d50d80c72a9e33e366513aa49fbf50c0f3d1b1388153dfde28d00050ae5', 13, 1, 'Personal Access Token', '[]', 1, '2019-10-01 16:35:46', '2019-10-01 16:35:46', '2020-10-01 17:35:46'),
('0c5bdb8ce48ac41806d2ffd8c577c5eb8056db9ff01703378ac948864ba77a85b2db231628c98652', 5, 1, 'Personal Access Token', '[]', 0, '2019-10-01 08:03:47', '2019-10-01 08:03:47', '2020-10-01 09:03:47'),
('0e2773ec2e564811526c99e03b99b1a27299beb6a2be58265e7b967aacc34a8413eeecf967283856', 11, 1, 'Personal Access Token', '[]', 0, '2019-10-05 15:33:54', '2019-10-05 15:33:54', '2020-10-05 16:33:54'),
('0f75330ddc9a074180ea6a00ff629f20a2597e34881ecd267b12f08a1ad189a1541a0741778848a1', 13, 1, 'Personal Access Token', '[]', 1, '2019-10-03 08:54:18', '2019-10-03 08:54:18', '2020-10-03 09:54:18'),
('103c8dbd7c4539c40d7decf696b45b019351c3721ac556f945ba865e9bc8d55a02d3942c70eb8445', 2, 1, 'Personal Access Token', '[]', 0, '2019-10-01 07:59:44', '2019-10-01 07:59:44', '2020-10-01 08:59:44'),
('15d445a87113ee84e9fe580dbf4a2da5ad3ecc69f5b0f02a5d4c6a4f602fb77edeb6f182acebba87', 11, 1, 'Personal Access Token', '[]', 1, '2019-10-10 09:02:57', '2019-10-10 09:02:57', '2020-10-10 10:02:57'),
('16b9782abc33db857e12de979e466d9bccdda1eb179b59c5c58cde1df345c60ccd944aec6ee0dfc6', 13, 1, 'Personal Access Token', '[]', 0, '2019-10-11 12:36:57', '2019-10-11 12:36:57', '2020-10-11 13:36:57'),
('1a0e588fce523fe2b2753d89f934bb41655ae7b9dfdf80751c90862ddef55a42af861f50377cd1d2', 13, 1, 'Personal Access Token', '[]', 1, '2019-10-11 15:20:30', '2019-10-11 15:20:30', '2020-10-11 16:20:30'),
('1b431b1c2d682481381b4b4bb8c3481e10c1d68b7cebf85bee48eb761248dd1a841d389b876cf56c', 13, 1, 'Personal Access Token', '[]', 1, '2019-10-01 08:58:49', '2019-10-01 08:58:49', '2020-10-01 09:58:49'),
('218c857a0e572648f8fd8c273e01bd9e7842e2c948b7cae2b53ae39473bb2fe60518a38fa18e7a46', 8, 1, 'Personal Access Token', '[]', 0, '2019-10-01 08:11:50', '2019-10-01 08:11:50', '2020-10-01 09:11:50'),
('2d7cb38fa304f133075c976555a157b3ebba5b6c12bc389a64b18195bda24226d0acc4f63cce4e6b', 11, 1, 'Personal Access Token', '[]', 0, '2019-10-05 15:40:55', '2019-10-05 15:40:55', '2020-10-05 16:40:55'),
('31d85caf5df8cc0a1303d4757ead2f1578453bf7390979eed2035f8a4b7363afdf5695f19b3d7a5c', 13, 1, 'Personal Access Token', '[]', 1, '2019-10-07 08:55:03', '2019-10-07 08:55:03', '2020-10-07 09:55:03'),
('32b80fcc5ddac32ac931c58e6241fad744bda0d9b1236c26145738fbc39c4c26ec19d7a5d87fa09b', 7, 1, 'Personal Access Token', '[]', 0, '2019-10-01 08:11:41', '2019-10-01 08:11:41', '2020-10-01 09:11:41'),
('3442c9c45874712e32787d31231337fac371f242f636d1bb339b2c9dffa7ab13c04d9d3892d2007e', 11, 1, 'Personal Access Token', '[]', 0, '2019-10-11 15:21:47', '2019-10-11 15:21:47', '2020-10-11 16:21:47'),
('373bb349b7f86c22224c956f027271b93888d76c9e764bee4453cdd9c443f237f15aeaf1223a808a', 13, 1, 'Personal Access Token', '[]', 1, '2019-10-05 15:47:30', '2019-10-05 15:47:30', '2020-10-05 16:47:30'),
('3b55e05b0644c72bc9337a771398a13e9471103cb281535565beedd08f95693aecb90f60c9017a3a', 13, 1, 'Personal Access Token', '[]', 1, '2019-10-11 12:15:41', '2019-10-11 12:15:41', '2020-10-11 13:15:41'),
('3cc015b8fd5f357ed3b73cc74b161920bf6421b1072f56235c193ffcd45894c55829ea436003fc24', 13, 1, 'Personal Access Token', '[]', 1, '2019-10-03 12:22:45', '2019-10-03 12:22:45', '2020-10-03 13:22:45'),
('40c9a9efbe7d480c0421856d3d48ff3579ad2108b6e75574b499485b904df1ee4f632977152d9d5b', 13, 1, 'Personal Access Token', '[]', 1, '2019-10-01 16:20:41', '2019-10-01 16:20:41', '2020-10-01 17:20:41'),
('412ab8f8f34e8061bdbafcd3c8223b824f4d796de2eb82bd9866106594ef98cd6f8861250d8707f4', 4, 1, 'Personal Access Token', '[]', 0, '2019-10-01 08:01:44', '2019-10-01 08:01:44', '2020-10-01 09:01:44'),
('434e9b0cc4aef8ab8ae722d2eb01e5d3a95683630da3d253d97c8254de109987452eae4237edae64', 13, 1, 'Personal Access Token', '[]', 0, '2019-10-11 15:26:57', '2019-10-11 15:26:57', '2020-10-11 16:26:57'),
('4c0dd1499dafd97beb7f61cdca1f520fa11257761f7a5289fcb83fcd97d1e3b43b4812f51bcf5c01', 13, 1, 'Personal Access Token', '[]', 1, '2019-10-11 15:11:01', '2019-10-11 15:11:01', '2020-10-11 16:11:01'),
('5be5f0136e1c834e9099a80720f964a7ff1aa4b7f3807048d565792d9e9c7266f48806d0982df1e0', 13, 1, 'Personal Access Token', '[]', 1, '2019-10-01 16:39:50', '2019-10-01 16:39:50', '2020-10-01 17:39:50'),
('63370c045239ca68943078ca3ff8d95f54c7f65672e2216a5fe007d1ae808339d9f04ce2492211be', 11, 1, 'Personal Access Token', '[]', 1, '2019-10-10 10:42:54', '2019-10-10 10:42:54', '2020-10-10 11:42:54'),
('634e3209d52d24501d8c933c91a044e7d4a4ca9977a3f87a206f645257e75672e058f171bd560575', 13, 1, 'Personal Access Token', '[]', 1, '2019-10-01 14:51:35', '2019-10-01 14:51:35', '2020-10-01 15:51:35'),
('684c12988e8208c4ff01d269b2b40d1930ed9d9f658fb116c961ec62b3daf53b6f3cf614cbf14caf', 13, 1, 'Personal Access Token', '[]', 0, '2019-10-07 13:11:31', '2019-10-07 13:11:31', '2020-10-07 14:11:31'),
('6ff806b7dfb184a231d3b9457bbef9360affdab85522813a37f08086ed1ff035c75c7e5d93c28d87', 13, 1, 'Personal Access Token', '[]', 1, '2019-10-05 15:47:58', '2019-10-05 15:47:58', '2020-10-05 16:47:58'),
('705a15acadc1d22c9962a8b4c87b7edd21574cba03f4e8c6c7d10a762272d5c3c644e22ad74c910e', 9, 1, 'Personal Access Token', '[]', 0, '2019-10-01 08:13:14', '2019-10-01 08:13:14', '2020-10-01 09:13:14'),
('76d6ea4bf4f2f9d8bf38bd90858f99b60e7dc19c244b99f46d42de0bd87bc53110c32a2dec3c7dcf', 13, 1, 'Personal Access Token', '[]', 1, '2019-10-01 08:45:18', '2019-10-01 08:45:18', '2020-10-01 09:45:18'),
('7f831f30b4d04aab93776f34597cf6ba3bead9135aa8ed685939d6a072e462e942a8914385ac832f', 11, 1, 'Personal Access Token', '[]', 0, '2019-10-11 11:23:30', '2019-10-11 11:23:30', '2020-10-11 12:23:30'),
('8094b239b245437ed49aa4b3ab563bbc0bcd16e102db246b4615955c18d58e37399c5fd4c500110d', 13, 1, 'Personal Access Token', '[]', 1, '2019-10-01 15:19:15', '2019-10-01 15:19:15', '2020-10-01 16:19:15'),
('82b0ad722e89da24b9b44ed14cd09576d7d9830a68ff6629264d197c1060f1da2fc79d8739bdb8d8', 6, 1, 'Personal Access Token', '[]', 0, '2019-10-01 08:04:49', '2019-10-01 08:04:49', '2020-10-01 09:04:49'),
('83e09bc13a581a26667fe7dbe40316cc29e0ccfab4aedfe70320f57c5a188bfa54c4baa9767f52c8', 13, 1, 'Personal Access Token', '[]', 1, '2019-10-01 14:48:24', '2019-10-01 14:48:24', '2020-10-01 15:48:24'),
('868a41344060ed56fba7e89aa86455b73d05e86bcca278d5366b25f8da61239f82a095121f96379e', 13, 1, 'Personal Access Token', '[]', 1, '2019-10-11 14:58:37', '2019-10-11 14:58:37', '2020-10-11 15:58:37'),
('88dbd305833df11e8cd3655b9546c9d4e1d50c784cab10faf609e6035521fcb0ca98ee669678f325', 15, 1, 'Personal Access Token', '[]', 0, '2019-10-03 12:39:35', '2019-10-03 12:39:35', '2020-10-03 13:39:35'),
('89cf4cafbb1189b685236fcad633e0105e321a5aa7bde4a7d2781e6d12a247445f227586ef7a71cf', 13, 1, 'Personal Access Token', '[]', 1, '2019-10-01 14:46:51', '2019-10-01 14:46:51', '2020-10-01 15:46:51'),
('984919a660aa6bae7625969affe5c58ff5c69532befe3bde161d23eb5618732c310b90c8d5d4882d', 13, 1, 'Personal Access Token', '[]', 1, '2019-10-11 12:39:59', '2019-10-11 12:39:59', '2020-10-11 13:39:59'),
('9c2afc54183f35c22a496cbb5deb45a36d4d808773c0d41cc0e0cb756877ffe81f609c867f3d4e09', 11, 1, 'Personal Access Token', '[]', 0, '2019-10-05 15:33:38', '2019-10-05 15:33:38', '2020-10-05 16:33:38'),
('9f98a2d6e57035bf74ef4b48fbdc81c84d1006b14d91625699c2b396b210efb73abedbc715e55a59', 3, 1, 'Personal Access Token', '[]', 0, '2019-10-01 08:00:27', '2019-10-01 08:00:27', '2020-10-01 09:00:27'),
('a793782f67adec5489b6b3760dd504d459d8cd59ee921be1b2300655e341d2e73ba746941746a9f4', 11, 1, 'Personal Access Token', '[]', 0, '2019-10-09 14:10:43', '2019-10-09 14:10:43', '2020-10-09 15:10:43'),
('ad550a922d28b1a1c4228fdbde66c3f6d5f59ba94c6c4bb6bda5f85d6f8ac30b07ee3f7c6a346592', 14, 1, 'Personal Access Token', '[]', 1, '2019-10-03 12:24:52', '2019-10-03 12:24:52', '2020-10-03 13:24:52'),
('af63be9da421a6d0c1b14fa30b1ce70e2a3bcf86fe5518ec66e2d78792c40dee1c4c061c8f1303b5', 13, 1, 'Personal Access Token', '[]', 1, '2019-10-11 11:13:48', '2019-10-11 11:13:48', '2020-10-11 12:13:48'),
('af6a8bd967f60ebd67d90dd2c6ed4eecc174409d65dbdd8b349347e500b87914239d89c3446e57a2', 13, 1, 'Personal Access Token', '[]', 0, '2019-10-07 15:07:36', '2019-10-07 15:07:36', '2020-10-07 16:07:36'),
('afaaca51b53d6a34a7404109abfb96a54c750a74069befd73b24c8f04ffbc65167e5de0148d677ad', 13, 1, 'Personal Access Token', '[]', 1, '2019-10-05 15:46:56', '2019-10-05 15:46:56', '2020-10-05 16:46:56'),
('c661233c2d6ebfe3c8119f5f469eb3a862a705302dc116adf3b32e0e6bf10b088ba83bf54caa6365', 13, 1, 'Personal Access Token', '[]', 0, '2019-10-09 15:43:35', '2019-10-09 15:43:35', '2020-10-09 16:43:35'),
('c7ccc95c9176e1b158a7584c3bc922806af4f48e1beff9230de94143ed94a072831514f9dfe0ade7', 13, 1, 'Personal Access Token', '[]', 1, '2019-10-01 08:21:40', '2019-10-01 08:21:40', '2020-10-01 09:21:40'),
('c84c57cab72ae24db1ae3c80fde7db4fe1e6934897681e852af42c829e04b35c622245f3d3de2475', 11, 1, 'Personal Access Token', '[]', 1, '2019-10-09 14:15:22', '2019-10-09 14:15:22', '2020-10-09 15:15:22'),
('ca6aba83e652fd66c1301908a7530b96f2a7f0a92caea6f784416000cea8553a5daf90a03f5435ad', 11, 1, 'Personal Access Token', '[]', 0, '2019-10-10 10:42:41', '2019-10-10 10:42:41', '2020-10-10 11:42:41'),
('cad0c715c405e17ced3a2dc219006d266bd8640c27947afcd90dd994c01abaa0e2d532d1980e14d3', 13, 1, 'Personal Access Token', '[]', 1, '2019-10-11 11:55:11', '2019-10-11 11:55:11', '2020-10-11 12:55:11'),
('cbe944525fc09ee01d244b76463e25abf06dbf26185961ac20a229d9343e8e5cee605d17ae576b4b', 11, 1, 'Personal Access Token', '[]', 0, '2019-10-09 15:06:22', '2019-10-09 15:06:22', '2020-10-09 16:06:22'),
('cc4e2dd62274e6deb018caba73afee22ecd38499876b663cadda2604b5feff4577fb7d35667c8ddb', 17, 1, 'Personal Access Token', '[]', 0, '2019-10-07 10:30:29', '2019-10-07 10:30:29', '2020-10-07 11:30:29'),
('cffed4095a0113eddb334e3dbce0e20e34c247f134049fdc8a4ee421107630c9fb8de3be156b525e', 13, 1, 'Personal Access Token', '[]', 1, '2019-10-11 14:33:51', '2019-10-11 14:33:51', '2020-10-11 15:33:51'),
('d058771c92e83311d1427495d4eebad9bd6397304e064a7f5962188a83091fdd9aca306bcf54075d', 13, 1, 'Personal Access Token', '[]', 1, '2019-10-11 14:57:28', '2019-10-11 14:57:28', '2020-10-11 15:57:28'),
('d51ab8ecdd069a229b9835fcf71fd9814cfc94401c35c6c1d672e596b396656207dafe2137242dd2', 13, 1, 'Personal Access Token', '[]', 1, '2019-10-04 08:18:52', '2019-10-04 08:18:52', '2020-10-04 09:18:52'),
('d98394a46c8a680cd75d91f2c6c1a62a06b399bde512711b633569b5c8eb72a2fe7eb4685da5638a', 13, 1, 'Personal Access Token', '[]', 1, '2019-10-11 13:02:53', '2019-10-11 13:02:53', '2020-10-11 14:02:53'),
('ddc24d72194662b53b7aeae59e4d781d5449cc0a6f826bd8a9cc463b35f0d7a99da92e70eaadc4d3', 11, 1, 'Personal Access Token', '[]', 0, '2019-10-05 15:43:00', '2019-10-05 15:43:00', '2020-10-05 16:43:00'),
('dde19bae5ded0a96e84877fdd20b0d5d92d8f4f34fdc65d9f64f2ffea6068f5b2a800296824f6cd3', 13, 1, 'Personal Access Token', '[]', 1, '2019-10-07 09:40:06', '2019-10-07 09:40:06', '2020-10-07 10:40:06'),
('e37df0c003231b18f24e9f5e2adb5ae46d2f559cd3a0a59f33ac384bff4f81ecb49b087c4b687454', 13, 1, 'Personal Access Token', '[]', 0, '2019-10-05 16:39:24', '2019-10-05 16:39:24', '2020-10-05 17:39:24'),
('e6ab094f88008ea59ee9b68991d2f9766c2970d70936c7755e05af9a015c7a92299683098ecee631', 16, 1, 'Personal Access Token', '[]', 0, '2019-10-07 09:58:48', '2019-10-07 09:58:48', '2020-10-07 10:58:48'),
('e75bdea1a9e4f5eac70d324b3d135afbbcd4295e1e94a4f03af4f1faaef0ae505c98779aab16b5de', 13, 1, 'Personal Access Token', '[]', 1, '2019-10-11 11:22:22', '2019-10-11 11:22:22', '2020-10-11 12:22:22'),
('eb22074629dd496cf43c3c3e2488c7a1429b0acd8313ebebc3c8c69cfd928f91d80006b9ef8934ce', 13, 1, 'Personal Access Token', '[]', 1, '2019-10-11 12:36:59', '2019-10-11 12:36:59', '2020-10-11 13:36:59'),
('ee0946c61de6d6789b228cedd489131b36e80498112a6fb0da153591a37631b84ac20e811c033ae0', 10, 1, 'Personal Access Token', '[]', 0, '2019-10-01 08:13:49', '2019-10-01 08:13:49', '2020-10-01 09:13:49'),
('f5af07db9862b7f4aebbc73ff0ca331b536d1a766bfb12b10e2812bba6ba7feef1154de757ddc15a', 13, 1, 'Personal Access Token', '[]', 1, '2019-10-04 08:17:53', '2019-10-04 08:17:53', '2020-10-04 09:17:53'),
('f5f3f0867cbf35290fb44e9e712551c4de8b87948870e0314df2d23f7870a00d40f1df5efd32bf7e', 13, 1, 'Personal Access Token', '[]', 0, '2019-10-02 08:46:47', '2019-10-02 08:46:47', '2020-10-02 09:46:47'),
('fc29e48a026283f525200f08ce22ea94a69387295eac54a12ea0f682bba78770fcbbfb1288e3e449', 11, 1, 'Personal Access Token', '[]', 0, '2019-10-01 08:15:35', '2019-10-01 08:15:35', '2020-10-01 09:15:35'),
('fd5b002ad76af019e2cc5de896f3612707840c0712e764a99a94010d0c74037ec7897c22f48d612c', 13, 1, 'Personal Access Token', '[]', 1, '2019-10-09 15:33:50', '2019-10-09 15:33:50', '2020-10-09 16:33:50');

-- --------------------------------------------------------

--
-- Table structure for table `oauth_auth_codes`
--

CREATE TABLE `oauth_auth_codes` (
  `id` varchar(100) COLLATE utf8mb4_unicode_ci NOT NULL,
  `user_id` bigint(20) NOT NULL,
  `client_id` int(10) UNSIGNED NOT NULL,
  `scopes` text COLLATE utf8mb4_unicode_ci,
  `revoked` tinyint(1) NOT NULL,
  `expires_at` datetime DEFAULT NULL
) ENGINE=InnoDB DEFAULT CHARSET=utf8mb4 COLLATE=utf8mb4_unicode_ci;

-- --------------------------------------------------------

--
-- Table structure for table `oauth_clients`
--

CREATE TABLE `oauth_clients` (
  `id` int(10) UNSIGNED NOT NULL,
  `user_id` bigint(20) DEFAULT NULL,
  `name` varchar(255) COLLATE utf8mb4_unicode_ci NOT NULL,
  `secret` varchar(100) COLLATE utf8mb4_unicode_ci NOT NULL,
  `redirect` text COLLATE utf8mb4_unicode_ci NOT NULL,
  `personal_access_client` tinyint(1) NOT NULL,
  `password_client` tinyint(1) NOT NULL,
  `revoked` tinyint(1) NOT NULL,
  `created_at` timestamp NULL DEFAULT NULL,
  `updated_at` timestamp NULL DEFAULT NULL
) ENGINE=InnoDB DEFAULT CHARSET=utf8mb4 COLLATE=utf8mb4_unicode_ci;

--
-- Dumping data for table `oauth_clients`
--

INSERT INTO `oauth_clients` (`id`, `user_id`, `name`, `secret`, `redirect`, `personal_access_client`, `password_client`, `revoked`, `created_at`, `updated_at`) VALUES
(1, NULL, 'prestige', 'j9YMxe7H3BhBwbJEgY7zk9MvXRIEBw4QwFWNAEjE', 'http://localhost', 1, 0, 0, '2019-10-04 11:38:11', '2019-10-04 11:38:11');

-- --------------------------------------------------------

--
-- Table structure for table `oauth_personal_access_clients`
--

CREATE TABLE `oauth_personal_access_clients` (
  `id` int(10) UNSIGNED NOT NULL,
  `client_id` int(10) UNSIGNED NOT NULL,
  `created_at` timestamp NULL DEFAULT NULL,
  `updated_at` timestamp NULL DEFAULT NULL
) ENGINE=InnoDB DEFAULT CHARSET=utf8mb4 COLLATE=utf8mb4_unicode_ci;

--
-- Dumping data for table `oauth_personal_access_clients`
--

INSERT INTO `oauth_personal_access_clients` (`id`, `client_id`, `created_at`, `updated_at`) VALUES
(1, 1, '2019-10-04 11:38:11', '2019-10-04 11:38:11');

-- --------------------------------------------------------

--
-- Table structure for table `oauth_refresh_tokens`
--

CREATE TABLE `oauth_refresh_tokens` (
  `id` varchar(100) COLLATE utf8mb4_unicode_ci NOT NULL,
  `access_token_id` varchar(100) COLLATE utf8mb4_unicode_ci NOT NULL,
  `revoked` tinyint(1) NOT NULL,
  `expires_at` datetime DEFAULT NULL
) ENGINE=InnoDB DEFAULT CHARSET=utf8mb4 COLLATE=utf8mb4_unicode_ci;

-- --------------------------------------------------------

--
-- Table structure for table `partners`
--

CREATE TABLE `partners` (
  `id` bigint(20) UNSIGNED NOT NULL,
  `name` varchar(255) COLLATE utf8mb4_unicode_ci NOT NULL,
  `logo` longtext COLLATE utf8mb4_unicode_ci NOT NULL,
  `created_at` timestamp NULL DEFAULT NULL,
  `updated_at` timestamp NULL DEFAULT NULL
) ENGINE=InnoDB DEFAULT CHARSET=utf8mb4 COLLATE=utf8mb4_unicode_ci;

--
-- Dumping data for table `partners`
--

INSERT INTO `partners` (`id`, `name`, `logo`, `created_at`, `updated_at`) VALUES
(1, 'Adidas', 'ed4b2164b475515bd5636c47f83d59992e529d2e.png', '2019-10-03 13:11:15', '2019-10-03 13:11:15'),
(2, 'Adidas', 'db219d592d0f3e0fa6fde0aa980d50f8e887ce33.png', '2019-10-03 13:11:19', '2019-10-03 13:11:19'),
(3, 'Adidas', '4be6131a20ac342bc100aa49cbc95be8407daf94.png', '2019-10-03 13:11:20', '2019-10-03 13:11:20'),
(4, 'Adidas', '4be6131a20ac342bc100aa49cbc95be8407daf94.png', '2019-10-03 13:11:20', '2019-10-03 13:11:20'),
(5, 'Adidas', '672138fad8d176a86a2ce2ab6dff061c957c5855.png', '2019-10-03 13:11:21', '2019-10-03 13:11:21'),
(6, 'Adidas', 'b1f704cdc7f860d554a5beae4ba1e42223641350.png', '2019-10-03 13:11:23', '2019-10-03 13:11:23'),
(7, 'Adidas', '35d88c41e854bbc63004795ff5d04e93e40ea79b.png', '2019-10-03 13:11:24', '2019-10-03 13:11:24'),
(8, 'Adidas-1', 'I5VipzA2xBpsQk2UDyWfA1vIMya6i2ZhJyXbV0ua.png', '2019-10-03 13:20:34', '2019-10-03 13:20:34');

-- --------------------------------------------------------

--
-- Table structure for table `password_resets`
--

CREATE TABLE `password_resets` (
  `email` varchar(255) COLLATE utf8mb4_unicode_ci NOT NULL,
  `token` varchar(255) COLLATE utf8mb4_unicode_ci NOT NULL,
  `created_at` timestamp NULL DEFAULT NULL
) ENGINE=InnoDB DEFAULT CHARSET=utf8mb4 COLLATE=utf8mb4_unicode_ci;

-- --------------------------------------------------------

--
-- Table structure for table `prestige_videos`
--

CREATE TABLE `prestige_videos` (
  `id` bigint(20) UNSIGNED NOT NULL,
  `link` varchar(255) COLLATE utf8mb4_unicode_ci NOT NULL,
  `created_at` timestamp NULL DEFAULT NULL,
  `updated_at` timestamp NULL DEFAULT NULL
) ENGINE=InnoDB DEFAULT CHARSET=utf8mb4 COLLATE=utf8mb4_unicode_ci;

--
-- Dumping data for table `prestige_videos`
--

INSERT INTO `prestige_videos` (`id`, `link`, `created_at`, `updated_at`) VALUES
(1, 'https://www.youtube.com/watch?v=tECeevab1Oo', '2019-10-02 16:24:24', '2019-10-02 16:24:24'),
(2, 'https://www.youtube.com/watch?v=tECeevab1Oo', '2019-10-02 16:26:45', '2019-10-02 16:26:45'),
(3, 'https://www.youtube.com/watch?v=tECeevab1Oo', '2019-10-02 16:26:45', '2019-10-02 16:26:45'),
(4, 'https://www.youtube.com/watch?v=tECeevab1Oo', '2019-10-02 16:26:46', '2019-10-02 16:26:46'),
(5, 'https://www.youtube.com/watch?v=tECeevab1Oo', '2019-10-02 16:26:47', '2019-10-02 16:26:47'),
(6, 'https://www.youtube.com/watch?v=tECeevab1Oo', '2019-10-02 16:26:47', '2019-10-02 16:26:47'),
(7, 'https://www.youtube.com/watch?v=tECeevab1Oo', '2019-10-02 16:26:48', '2019-10-02 16:26:48'),
(8, 'https://www.youtube.com/watch?v=tECeevab1Oo', '2019-10-02 16:26:48', '2019-10-02 16:26:48'),
(9, 'https://www.youtube.com/watch?v=tECeevab1Oo', '2019-10-02 16:26:49', '2019-10-02 16:26:49'),
(10, 'https://www.youtube.com/watch?v=tECeevab1Oo', '2019-10-04 12:34:04', '2019-10-04 12:34:04');

-- --------------------------------------------------------

--
-- Table structure for table `products`
--

CREATE TABLE `products` (
  `id` bigint(20) UNSIGNED NOT NULL,
  `name` varchar(255) COLLATE utf8mb4_unicode_ci NOT NULL,
  `category_id` int(10) UNSIGNED NOT NULL,
  `brand_id` int(10) UNSIGNED NOT NULL,
  `price` double(8,2) NOT NULL,
  `image` longtext COLLATE utf8mb4_unicode_ci NOT NULL,
  `thumbnail` longtext COLLATE utf8mb4_unicode_ci NOT NULL,
  `rating` enum('1','2','3','4','5') COLLATE utf8mb4_unicode_ci DEFAULT '5',
  `created_at` timestamp NULL DEFAULT NULL,
  `updated_at` timestamp NULL DEFAULT NULL
) ENGINE=InnoDB DEFAULT CHARSET=utf8mb4 COLLATE=utf8mb4_unicode_ci;

--
-- Dumping data for table `products`
--

INSERT INTO `products` (`id`, `name`, `category_id`, `brand_id`, `price`, `image`, `thumbnail`, `rating`, `created_at`, `updated_at`) VALUES
(1, 'Boxing Gloves', 1, 1, 30.00, 'rvzBLthVm48o8DQRcU8wWm2CDd9DyEiZE2KoCcod.png', '5b550a58c41c768342a63fe38371200e16a49205', '5', '2019-10-04 11:16:16', '2019-10-04 11:16:16'),
(2, 'Everlast box pear leather', 2, 2, 145.00, 'hMcjma9dVJHhZs5ytrAueXxvxyC0Y35ZQ7TIZd4y.jpeg', '561303f044185855756ca5073b5706f23f127a19', '4', '2019-10-04 11:17:50', '2019-10-04 11:17:50'),
(3, 'Booster fight gear', 3, 3, 200.00, 'sniGV0DWg9PyXxHsE9uKZnXc9E1TFQRHWk7w9TlQ.jpeg', '64ceb467b8cd4f17681171ea2c0af9c2054309f3', '5', '2019-10-04 11:19:54', '2019-10-04 11:19:54'),
(4, 'Inner Boxing gloves', 1, 1, 20.00, 'FW2mdoJzqeJ9sKqPCVksxycAOJj4VemyWOInt39E.png', 'a05bc0406cf49479143616b7ab786392c4103b73', '5', '2019-10-04 11:21:33', '2019-10-04 11:21:33'),
(5, 'Face Training headgear', 3, 2, 15.00, 'dp331EQu7bcRdtCMJtkkZYXNu2xsnVV8MO1QIXH1.png', '85d00006dc7e76125de1db2678fcb7c4bfd7fed6', '4', '2019-10-04 11:22:25', '2019-10-04 11:22:25'),
(6, 'Foam sticks v30', 2, 3, 152.00, '7lX5iRxme0x0HZOcH5Wvf9Le7JzNBOeYJBmSDI5X.jpeg', '401a6a864236667f4fcf366638bb064d27770e4c', '5', '2019-10-04 11:23:15', '2019-10-04 11:23:15'),
(7, 'Old medicine ball', 1, 2, 300.00, 'BbkSBPRC7r8AOKevAtcF93LHVrcmcmmxNC9feaRC.jpeg', '9d1588ab4317eaaaf38b9f2c5c12a67c47005b03', NULL, '2019-10-04 11:40:08', '2019-10-04 11:40:08'),
(8, 'Boxing Trunk', 1, 1, 202.00, 'UNh8tylFkJh3yaucYSB7gJoRUxjp5R5r96RhG8wS.jpeg', '4e65380daf79ce29178c5d9a31906dbffcb86864', NULL, '2019-10-04 11:49:40', '2019-10-04 11:49:40'),
(10, 'Boxing gloves', 2, 2, 450.00, 'OBBf1kn1FUpIYZnFDOZHewuImdLQkaR0Uv5ogF3p.jpeg', '7935b4799e5f36efee5f697714509fd6931cd9f7', '5', '2019-10-04 13:16:37', '2019-10-04 13:16:37');

-- --------------------------------------------------------

--
-- Table structure for table `ranks`
--

CREATE TABLE `ranks` (
  `id` bigint(20) UNSIGNED NOT NULL,
  `weight_id` int(10) UNSIGNED NOT NULL,
  `created_at` timestamp NULL DEFAULT NULL,
  `updated_at` timestamp NULL DEFAULT NULL
) ENGINE=InnoDB DEFAULT CHARSET=utf8mb4 COLLATE=utf8mb4_unicode_ci;

--
-- Dumping data for table `ranks`
--

INSERT INTO `ranks` (`id`, `weight_id`, `created_at`, `updated_at`) VALUES
(1, 1, '2019-10-07 15:39:12', '2019-10-07 15:39:12');

-- --------------------------------------------------------

--
-- Table structure for table `slides`
--

CREATE TABLE `slides` (
  `id` bigint(20) UNSIGNED NOT NULL,
  `caption` longtext COLLATE utf8mb4_unicode_ci,
  `image` longtext COLLATE utf8mb4_unicode_ci NOT NULL,
  `thumbnail` longtext COLLATE utf8mb4_unicode_ci NOT NULL,
  `created_at` timestamp NULL DEFAULT NULL,
  `updated_at` timestamp NULL DEFAULT NULL
) ENGINE=InnoDB DEFAULT CHARSET=utf8mb4 COLLATE=utf8mb4_unicode_ci;

--
-- Dumping data for table `slides`
--

INSERT INTO `slides` (`id`, `caption`, `image`, `thumbnail`, `created_at`, `updated_at`) VALUES
(1, 'Lorem ipsum', 'Uh1dWgla7j0SGDDKsF4JtqHoG2b52LxFxsJwsTkB.jpeg', 'f6c70aad5f706a939880a22d75a6e6a8cb074576', '2019-10-04 14:09:08', '2019-10-07 12:34:03'),
(2, 'Lorem ipsum', 'Iuxi8CB63IPAAkWEduno8iVQwMoXbdnMAfvtmbPm.jpeg', 'd9980e6a8c7e5d86ad0fcd0b435330d56e6194e6', '2019-10-04 14:10:09', '2019-10-04 14:12:10'),
(3, 'Lorem ipsum', 'R9ZIEKyMqdaFVwIKbOSKQKZT1JuhRcreXOWnmXxk.jpeg', 'e28bc5ae44ab2c226a422cf17deb96993eed3566', '2019-10-04 14:10:25', '2019-10-07 12:33:16');

-- --------------------------------------------------------

--
-- Table structure for table `users`
--

CREATE TABLE `users` (
  `id` bigint(20) UNSIGNED NOT NULL,
  `name` varchar(255) COLLATE utf8mb4_unicode_ci NOT NULL,
  `email` varchar(255) COLLATE utf8mb4_unicode_ci NOT NULL,
  `avatar` text COLLATE utf8mb4_unicode_ci,
  `is_boxer` tinyint(1) NOT NULL DEFAULT '0',
  `email_verified_at` timestamp NULL DEFAULT NULL,
  `password` varchar(255) COLLATE utf8mb4_unicode_ci NOT NULL,
  `remember_token` varchar(100) COLLATE utf8mb4_unicode_ci DEFAULT NULL,
  `created_at` timestamp NULL DEFAULT NULL,
  `updated_at` timestamp NULL DEFAULT NULL
) ENGINE=InnoDB DEFAULT CHARSET=utf8mb4 COLLATE=utf8mb4_unicode_ci;

--
-- Dumping data for table `users`
--

INSERT INTO `users` (`id`, `name`, `email`, `avatar`, `is_boxer`, `email_verified_at`, `password`, `remember_token`, `created_at`, `updated_at`) VALUES
(5, 'coza', 'admin@admin.com', 'raszebi', 0, NULL, '$2y$10$ccVXNHx17u5sdpEDegr6AeXo1HUBvvgwX5iiOVTfJ3hLDD5lBlJ7W', NULL, '2019-10-01 08:03:47', '2019-10-07 10:22:36'),
(11, '3asbaaa', 'hamza@gmail.com', '/img/placeholder.jpg', 0, NULL, '$2y$10$632JCkhv9kqKmNUytAMYauBcLFlzHdyCCU7aYAB5md64WfOeAzU9e', NULL, '2019-10-01 08:15:35', '2019-10-10 14:11:59'),
(12, 'Hamza yech', 'nnn@gmail.com', '81a423f8e926268aff1257469b0aa4179bb63131.jpg', 0, NULL, '$2y$10$9Jvv6bu/VbvdLYAL4j/8QOwEFI8Sq8Op/e9/mF27Edl6NUPnrghe2', NULL, '2019-10-01 08:20:57', '2019-10-07 11:17:42'),
(13, 'me7rez klay', 'hamdi@halber.io', 'eab7bdf6939adb63a339137951e249558741cc3b.jpg', 0, NULL, '$2y$10$.DoAs6g9AJQxlI.IIhFrhOI9.Mn1/IRanwferqrlYZNQ7mASZI/N6', 'SDyIzTGODJNahZYRupfjh6QuPrNK9Wy2MM4NHkTI121NfDWQvlCIOUYV36QK', '2019-10-01 08:21:14', '2019-10-09 15:35:19'),
(14, 'Bibi', 'bibi@halber.io', '/img/placeholder.jpg', 0, NULL, '$2y$10$uiI1k20kUDcQOVvckyrAI.qjjDSIZPUKGWsv6X2m8FbbWxsTbkZGe', NULL, '2019-10-03 12:24:52', '2019-10-03 12:24:52'),
(15, 'Bibou', 'Bibou@mail.com', '/img/placeholder.jpg', 0, NULL, '$2y$10$IFGpzVSO.FE7.nVzV9E9IexqlTQYRax9myTbUaYPyv2w8srQzDtu2', NULL, '2019-10-03 12:39:35', '2019-10-03 12:39:35'),
(16, 'Hamdioss', 'test@mailer.com', '5000a4cf52fa88278c48405c049c1384ec78d160.png', 0, NULL, '$2y$10$RRMbzWWEB184OwoANfveMe8fjpg3ulQohT5zHRszcLPrfnEpDcWNK', NULL, '2019-10-07 09:58:48', '2019-10-07 11:23:03'),
(17, 'Hamza yech', 'xnxx@gmail.com', '4YjzVF3AfZm6DSa7TNoaclC14G3tUKVtGDaEJKKw.jpeg', 0, NULL, '$2y$10$1/qoXUN/OWBSI8PiBu.WXepR0v0lvhGOXCs4R9.PNFS29TRBD8gze', NULL, '2019-10-07 10:30:29', '2019-10-07 11:10:39');

-- --------------------------------------------------------

--
-- Table structure for table `weights`
--

CREATE TABLE `weights` (
  `id` bigint(20) UNSIGNED NOT NULL,
  `name` varchar(255) COLLATE utf8mb4_unicode_ci NOT NULL,
  `description` text COLLATE utf8mb4_unicode_ci,
  `max_weight` double(8,2) NOT NULL,
  `min_weight` double(8,2) NOT NULL,
  `created_at` timestamp NULL DEFAULT NULL,
  `updated_at` timestamp NULL DEFAULT NULL
) ENGINE=InnoDB DEFAULT CHARSET=utf8mb4 COLLATE=utf8mb4_unicode_ci;

--
-- Dumping data for table `weights`
--

INSERT INTO `weights` (`id`, `name`, `description`, `max_weight`, `min_weight`, `created_at`, `updated_at`) VALUES
(1, 'Heavy', 'Heavy weight', 100.00, 80.00, '2019-10-07 14:25:55', '2019-10-07 14:25:55');

--
-- Indexes for dumped tables
--

--
-- Indexes for table `action_events`
--
ALTER TABLE `action_events`
  ADD PRIMARY KEY (`id`),
  ADD KEY `action_events_actionable_type_actionable_id_index` (`actionable_type`,`actionable_id`),
  ADD KEY `action_events_batch_id_model_type_model_id_index` (`batch_id`,`model_type`,`model_id`),
  ADD KEY `action_events_user_id_index` (`user_id`);

--
-- Indexes for table `boxers`
--
ALTER TABLE `boxers`
  ADD PRIMARY KEY (`id`);

--
-- Indexes for table `brands`
--
ALTER TABLE `brands`
  ADD PRIMARY KEY (`id`);

--
-- Indexes for table `categories`
--
ALTER TABLE `categories`
  ADD PRIMARY KEY (`id`);

--
-- Indexes for table `events`
--
ALTER TABLE `events`
  ADD PRIMARY KEY (`id`);

--
-- Indexes for table `fights`
--
ALTER TABLE `fights`
  ADD PRIMARY KEY (`id`);

--
-- Indexes for table `fights_boxers`
--
ALTER TABLE `fights_boxers`
  ADD PRIMARY KEY (`id`);

--
-- Indexes for table `migrations`
--
ALTER TABLE `migrations`
  ADD PRIMARY KEY (`id`);

--
-- Indexes for table `news`
--
ALTER TABLE `news`
  ADD PRIMARY KEY (`id`);

--
-- Indexes for table `nova_pending_trix_attachments`
--
ALTER TABLE `nova_pending_trix_attachments`
  ADD PRIMARY KEY (`id`),
  ADD KEY `nova_pending_trix_attachments_draft_id_index` (`draft_id`);

--
-- Indexes for table `nova_trix_attachments`
--
ALTER TABLE `nova_trix_attachments`
  ADD PRIMARY KEY (`id`),
  ADD KEY `nova_trix_attachments_attachable_type_attachable_id_index` (`attachable_type`,`attachable_id`),
  ADD KEY `nova_trix_attachments_url_index` (`url`);

--
-- Indexes for table `oauth_access_tokens`
--
ALTER TABLE `oauth_access_tokens`
  ADD PRIMARY KEY (`id`),
  ADD KEY `oauth_access_tokens_user_id_index` (`user_id`);

--
-- Indexes for table `oauth_auth_codes`
--
ALTER TABLE `oauth_auth_codes`
  ADD PRIMARY KEY (`id`);

--
-- Indexes for table `oauth_clients`
--
ALTER TABLE `oauth_clients`
  ADD PRIMARY KEY (`id`),
  ADD KEY `oauth_clients_user_id_index` (`user_id`);

--
-- Indexes for table `oauth_personal_access_clients`
--
ALTER TABLE `oauth_personal_access_clients`
  ADD PRIMARY KEY (`id`),
  ADD KEY `oauth_personal_access_clients_client_id_index` (`client_id`);

--
-- Indexes for table `oauth_refresh_tokens`
--
ALTER TABLE `oauth_refresh_tokens`
  ADD PRIMARY KEY (`id`),
  ADD KEY `oauth_refresh_tokens_access_token_id_index` (`access_token_id`);

--
-- Indexes for table `partners`
--
ALTER TABLE `partners`
  ADD PRIMARY KEY (`id`);

--
-- Indexes for table `password_resets`
--
ALTER TABLE `password_resets`
  ADD KEY `password_resets_email_index` (`email`);

--
-- Indexes for table `prestige_videos`
--
ALTER TABLE `prestige_videos`
  ADD PRIMARY KEY (`id`);

--
-- Indexes for table `products`
--
ALTER TABLE `products`
  ADD PRIMARY KEY (`id`);

--
-- Indexes for table `ranks`
--
ALTER TABLE `ranks`
  ADD PRIMARY KEY (`id`);

--
-- Indexes for table `slides`
--
ALTER TABLE `slides`
  ADD PRIMARY KEY (`id`);

--
-- Indexes for table `users`
--
ALTER TABLE `users`
  ADD PRIMARY KEY (`id`),
  ADD UNIQUE KEY `users_email_unique` (`email`);

--
-- Indexes for table `weights`
--
ALTER TABLE `weights`
  ADD PRIMARY KEY (`id`);

--
-- AUTO_INCREMENT for dumped tables
--

--
-- AUTO_INCREMENT for table `action_events`
--
ALTER TABLE `action_events`
  MODIFY `id` bigint(20) UNSIGNED NOT NULL AUTO_INCREMENT, AUTO_INCREMENT=204;

--
-- AUTO_INCREMENT for table `boxers`
--
ALTER TABLE `boxers`
  MODIFY `id` bigint(20) UNSIGNED NOT NULL AUTO_INCREMENT, AUTO_INCREMENT=15;

--
-- AUTO_INCREMENT for table `brands`
--
ALTER TABLE `brands`
  MODIFY `id` bigint(20) UNSIGNED NOT NULL AUTO_INCREMENT, AUTO_INCREMENT=5;

--
-- AUTO_INCREMENT for table `categories`
--
ALTER TABLE `categories`
  MODIFY `id` bigint(20) UNSIGNED NOT NULL AUTO_INCREMENT, AUTO_INCREMENT=4;

--
-- AUTO_INCREMENT for table `events`
--
ALTER TABLE `events`
  MODIFY `id` bigint(20) UNSIGNED NOT NULL AUTO_INCREMENT, AUTO_INCREMENT=22;

--
-- AUTO_INCREMENT for table `fights`
--
ALTER TABLE `fights`
  MODIFY `id` bigint(20) UNSIGNED NOT NULL AUTO_INCREMENT, AUTO_INCREMENT=11;

--
-- AUTO_INCREMENT for table `fights_boxers`
--
ALTER TABLE `fights_boxers`
  MODIFY `id` bigint(20) UNSIGNED NOT NULL AUTO_INCREMENT, AUTO_INCREMENT=21;

--
-- AUTO_INCREMENT for table `migrations`
--
ALTER TABLE `migrations`
  MODIFY `id` int(10) UNSIGNED NOT NULL AUTO_INCREMENT, AUTO_INCREMENT=88;

--
-- AUTO_INCREMENT for table `news`
--
ALTER TABLE `news`
  MODIFY `id` bigint(20) UNSIGNED NOT NULL AUTO_INCREMENT, AUTO_INCREMENT=24;

--
-- AUTO_INCREMENT for table `oauth_clients`
--
ALTER TABLE `oauth_clients`
  MODIFY `id` int(10) UNSIGNED NOT NULL AUTO_INCREMENT, AUTO_INCREMENT=2;

--
-- AUTO_INCREMENT for table `oauth_personal_access_clients`
--
ALTER TABLE `oauth_personal_access_clients`
  MODIFY `id` int(10) UNSIGNED NOT NULL AUTO_INCREMENT, AUTO_INCREMENT=2;

--
-- AUTO_INCREMENT for table `partners`
--
ALTER TABLE `partners`
  MODIFY `id` bigint(20) UNSIGNED NOT NULL AUTO_INCREMENT, AUTO_INCREMENT=9;

--
-- AUTO_INCREMENT for table `prestige_videos`
--
ALTER TABLE `prestige_videos`
  MODIFY `id` bigint(20) UNSIGNED NOT NULL AUTO_INCREMENT, AUTO_INCREMENT=11;

--
-- AUTO_INCREMENT for table `products`
--
ALTER TABLE `products`
  MODIFY `id` bigint(20) UNSIGNED NOT NULL AUTO_INCREMENT, AUTO_INCREMENT=11;

--
-- AUTO_INCREMENT for table `ranks`
--
ALTER TABLE `ranks`
  MODIFY `id` bigint(20) UNSIGNED NOT NULL AUTO_INCREMENT, AUTO_INCREMENT=2;

--
-- AUTO_INCREMENT for table `slides`
--
ALTER TABLE `slides`
  MODIFY `id` bigint(20) UNSIGNED NOT NULL AUTO_INCREMENT, AUTO_INCREMENT=4;

--
-- AUTO_INCREMENT for table `users`
--
ALTER TABLE `users`
  MODIFY `id` bigint(20) UNSIGNED NOT NULL AUTO_INCREMENT, AUTO_INCREMENT=18;

--
-- AUTO_INCREMENT for table `weights`
--
ALTER TABLE `weights`
  MODIFY `id` bigint(20) UNSIGNED NOT NULL AUTO_INCREMENT, AUTO_INCREMENT=2;